59369.jpg,Topwear
42866.jpg,Wallets
13132.jpg,Shoes
33659.jpg,Sandal
12722.jpg,Sandal
38440.jpg,Wallets
25820.jpg,Saree
47657.jpg,Bottomwear
26203.jpg,Bags
16941.jpg,Eyewear
44456.jpg,Shoes
30279.jpg,Eyewear
36516.jpg,Belts
51648.jpg,Watches
54995.jpg,Lips
51879.jpg,Wallets
50553.jpg,Topwear
2262.jpg,Bags
44951.jpg,Fragrance
40554.jpg,Watches
50591.jpg,Innerwear
8950.jpg,Bottomwear
44554.jpg,Sandal
4709.jpg,Watches
7871.jpg,Shoes
14131.jpg,Bottomwear
54876.jpg,Jewellery
46785.jpg,Fragrance
5286.jpg,Bags
49511.jpg,Shoes
16378.jpg,Bottomwear
57714.jpg,Lips
44026.jpg,Fragrance
40751.jpg,Flip Flops
28014.jpg,Bottomwear
55487.jpg,Lips
57971.jpg,Saree
2197.jpg,Shoes
45026.jpg,Watches
26058.jpg,Topwear
53776.jpg,Bottomwear
3583.jpg,Flip Flops
29753.jpg,Watches
37511.jpg,Fragrance
7294.jpg,Topwear
21351.jpg,Eyewear
3202.jpg,Topwear
36715.jpg,Fragrance
59228.jpg,Watches
9212.jpg,Sandal
36741.jpg,Bottomwear
48736.jpg,Jewellery
29909.jpg,Watches
28703.jpg,Topwear
35448.jpg,Bags
30198.jpg,Bags
16520.jpg,Bottomwear
55270.jpg,Lips
59642.jpg,Saree
17895.jpg,Innerwear
4454.jpg,Shoes
57052.jpg,Dress
46462.jpg,Watches
48791.jpg,Fragrance
57323.jpg,Innerwear
46452.jpg,Watches
33406.jpg,Bags
49681.jpg,Ties
7122.jpg,Bags
40165.jpg,Eyewear
21333.jpg,Eyewear
56234.jpg,Saree
4829.jpg,Bottomwear
30475.jpg,Innerwear
59217.jpg,Watches
35058.jpg,Shoes
33787.jpg,Topwear
10223.jpg,Bags
2129.jpg,Topwear
21880.jpg,Dress
9764.jpg,Topwear
13724.jpg,Innerwear
46001.jpg,Saree
37743.jpg,Topwear
39269.jpg,Shoes
37695.jpg,Bags
41719.jpg,Shoes
31934.jpg,Bags
20614.jpg,Bags
42267.jpg,Bottomwear
27205.jpg,Bottomwear
41215.jpg,Flip Flops
10766.jpg,Flip Flops
19363.jpg,Sandal
18353.jpg,Socks
35958.jpg,Bottomwear
25304.jpg,Wallets
27914.jpg,Bottomwear
57308.jpg,Shoes
15335.jpg,Bottomwear
56098.jpg,Lips
57632.jpg,Lips
17462.jpg,Watches
29133.jpg,Eyewear
6420.jpg,Shoes
45277.jpg,Wallets
23834.jpg,Flip Flops
38845.jpg,Topwear
25367.jpg,Topwear
17065.jpg,Belts
40552.jpg,Watches
52115.jpg,Topwear
31849.jpg,Watches
32543.jpg,Fragrance
34900.jpg,Topwear
47476.jpg,Shoes
37439.jpg,Belts
49828.jpg,Flip Flops
55849.jpg,Nails
22659.jpg,Bags
29938.jpg,Watches
53132.jpg,Shoes
19355.jpg,Innerwear
2985.jpg,Topwear
34993.jpg,Saree
32376.jpg,Watches
36923.jpg,Wallets
10362.jpg,Topwear
15231.jpg,Shoes
3861.jpg,Topwear
10487.jpg,Bottomwear
26067.jpg,Topwear
27496.jpg,Topwear
29889.jpg,Eyewear
6297.jpg,Flip Flops
56202.jpg,Jewellery
48763.jpg,Jewellery
26093.jpg,Topwear
38528.jpg,Shoes
21304.jpg,Eyewear
53527.jpg,Innerwear
45246.jpg,Watches
31932.jpg,Bags
7269.jpg,Topwear
59484.jpg,Jewellery
35199.jpg,Bags
19886.jpg,Headwear
47681.jpg,Shoes
36385.jpg,Socks
30073.jpg,Watches
29104.jpg,Bags
48133.jpg,Bags
23602.jpg,Fragrance
46543.jpg,Watches
17030.jpg,Flip Flops
6983.jpg,Topwear
48226.jpg,Eyewear
48397.jpg,Bottomwear
35880.jpg,Topwear
35506.jpg,Sandal
39953.jpg,Flip Flops
52463.jpg,Saree
59281.jpg,Watches
44153.jpg,Bags
39738.jpg,Sandal
20555.jpg,Wallets
23182.jpg,Topwear
56145.jpg,Jewellery
35874.jpg,Topwear
39847.jpg,Topwear
51016.jpg,Innerwear
18687.jpg,Innerwear
48952.jpg,Jewellery
58991.jpg,Fragrance
13634.jpg,Bottomwear
25395.jpg,Topwear
46007.jpg,Saree
9360.jpg,Watches
37052.jpg,Belts
39260.jpg,Shoes
14812.jpg,Bags
58532.jpg,Eyewear
48557.jpg,Belts
52464.jpg,Saree
48566.jpg,Jewellery
36983.jpg,Wallets
11899.jpg,Shoes
28611.jpg,Bottomwear
56295.jpg,Innerwear
41080.jpg,Bottomwear
55419.jpg,Fragrance
56031.jpg,Lips
32867.jpg,Bags
23245.jpg,Shoes
11078.jpg,Topwear
55284.jpg,Fragrance
18048.jpg,Wallets
42635.jpg,Jewellery
45876.jpg,Watches
35466.jpg,Shoes
36984.jpg,Bags
8614.jpg,Eyewear
47142.jpg,Bags
14381.jpg,Shoes
14813.jpg,Bags
26187.jpg,Fragrance
37786.jpg,Topwear
56499.jpg,Nails
47172.jpg,Flip Flops
43116.jpg,Fragrance
10622.jpg,Shoes
46651.jpg,Fragrance
55428.jpg,Fragrance
38022.jpg,Watches
55822.jpg,Topwear
39763.jpg,Bottomwear
28828.jpg,Innerwear
12996.jpg,Shoes
48618.jpg,Jewellery
35131.jpg,Shoes
31643.jpg,Topwear
4427.jpg,Topwear
58210.jpg,Bottomwear
18644.jpg,Bottomwear
14883.jpg,Bags
32037.jpg,Socks
22947.jpg,Watches
32586.jpg,Bottomwear
28881.jpg,Innerwear
35788.jpg,Shoes
15356.jpg,Sandal
50904.jpg,Saree
9380.jpg,Shoes
8685.jpg,Eyewear
30480.jpg,Innerwear
18829.jpg,Belts
50969.jpg,Innerwear
33400.jpg,Bags
33455.jpg,Bags
58308.jpg,Socks
18041.jpg,Bags
12263.jpg,Topwear
52186.jpg,Jewellery
17588.jpg,Eyewear
39811.jpg,Bottomwear
33660.jpg,Sandal
4675.jpg,Fragrance
30020.jpg,Watches
47516.jpg,Innerwear
56053.jpg,Lips
47313.jpg,Wallets
28281.jpg,Eyewear
37261.jpg,Bags
18680.jpg,Bottomwear
24481.jpg,Flip Flops
50283.jpg,Ties
59687.jpg,Innerwear
21959.jpg,Bags
55074.jpg,Lips
58561.jpg,Bottomwear
38412.jpg,Belts
56258.jpg,Bottomwear
28446.jpg,Bags
42856.jpg,Bags
29963.jpg,Eyewear
12638.jpg,Topwear
22946.jpg,Watches
36415.jpg,Shoes
52204.jpg,Jewellery
37293.jpg,Watches
14999.jpg,Topwear
14877.jpg,Bags
30487.jpg,Innerwear
27579.jpg,Topwear
13844.jpg,Shoes
58560.jpg,Bottomwear
25198.jpg,Bags
57970.jpg,Socks
43174.jpg,Watches
38040.jpg,Watches
50500.jpg,Topwear
21176.jpg,Shoes
4498.jpg,Shoes
6691.jpg,Jewellery
52235.jpg,Bottomwear
41965.jpg,Topwear
13587.jpg,Topwear
56257.jpg,Loungewear and Nightwear
28047.jpg,Innerwear
8481.jpg,Dress
29063.jpg,Shoes
5227.jpg,Sandal
4827.jpg,Bottomwear
25224.jpg,Bags
51676.jpg,Eyewear
44137.jpg,Fragrance
32544.jpg,Fragrance
2208.jpg,Flip Flops
51649.jpg,Watches
49674.jpg,Eyewear
24623.jpg,Bags
13534.jpg,Shoes
25359.jpg,Innerwear
56261.jpg,Saree
43749.jpg,Jewellery
11335.jpg,Bottomwear
33869.jpg,Watches
20840.jpg,Flip Flops
52895.jpg,Saree
44591.jpg,Belts
57912.jpg,Socks
36126.jpg,Wallets
16519.jpg,Bottomwear
28829.jpg,Innerwear
36616.jpg,Shoes
52940.jpg,Saree
3488.jpg,Sandal
41998.jpg,Topwear
43724.jpg,Jewellery
12408.jpg,Socks
29041.jpg,Bottomwear
59082.jpg,Innerwear
59689.jpg,Innerwear
15793.jpg,Innerwear
56293.jpg,Innerwear
45214.jpg,Watches
25023.jpg,Topwear
34625.jpg,Watches
59076.jpg,Innerwear
33454.jpg,Bags
12094.jpg,Topwear
46455.jpg,Watches
27030.jpg,Bottomwear
39104.jpg,Bottomwear
26464.jpg,Bottomwear
28023.jpg,Innerwear
58504.jpg,Topwear
53528.jpg,Innerwear
22924.jpg,Watches
4269.jpg,Shoes
43510.jpg,Saree
44130.jpg,Fragrance
6579.jpg,Bottomwear
38415.jpg,Belts
50759.jpg,Sandal
34951.jpg,Saree
39267.jpg,Shoes
21758.jpg,Belts
30906.jpg,Innerwear
21957.jpg,Bags
48900.jpg,Jewellery
40468.jpg,Shoes
46464.jpg,Watches
22845.jpg,Shoes
39103.jpg,Bottomwear
25101.jpg,Belts
36127.jpg,Wallets
19038.jpg,Shoes
56603.jpg,Lips
59681.jpg,Innerwear
39659.jpg,Shoes
15369.jpg,Sandal
43778.jpg,Jewellery
59908.jpg,Loungewear and Nightwear
1567.jpg,Innerwear
19881.jpg,Flip Flops
7320.jpg,Flip Flops
26056.jpg,Topwear
11302.jpg,Bottomwear
48151.jpg,Wallets
30813.jpg,Bottomwear
36383.jpg,Socks
36062.jpg,Bags
33827.jpg,Shoes
44191.jpg,Flip Flops
47145.jpg,Bags
15405.jpg,Shoes
40995.jpg,Topwear
32200.jpg,Topwear
50304.jpg,Ties
57939.jpg,Shoes
50507.jpg,Innerwear
19815.jpg,Topwear
4876.jpg,Shoes
10148.jpg,Shoes
25305.jpg,Bottomwear
14878.jpg,Bags
3841.jpg,Shoes
56997.jpg,Shoes
25197.jpg,Bags
9877.jpg,Bottomwear
44902.jpg,Bottomwear
9034.jpg,Shoes
44537.jpg,Sandal
59556.jpg,Jewellery
22971.jpg,Bags
52656.jpg,Bags
15276.jpg,Fragrance
30045.jpg,Watches
32588.jpg,Bottomwear
37406.jpg,Bags
28760.jpg,Topwear
46595.jpg,Shoes
38218.jpg,Eyewear
32145.jpg,Innerwear
7669.jpg,Topwear
10112.jpg,Shoes
38219.jpg,Eyewear
43983.jpg,Fragrance
56006.jpg,Lips
16948.jpg,Eyewear
32378.jpg,Saree
16376.jpg,Bottomwear
23867.jpg,Flip Flops
27746.jpg,Bags
50598.jpg,Innerwear
17602.jpg,Eyewear
29575.jpg,Shoes
27007.jpg,Bottomwear
33893.jpg,Watches
53098.jpg,Jewellery
27465.jpg,Innerwear
47977.jpg,Watches
25366.jpg,Topwear
33462.jpg,Belts
48561.jpg,Wallets
5874.jpg,Lips
26620.jpg,Shoes
34593.jpg,Topwear
1799.jpg,Fragrance
4247.jpg,Topwear
13513.jpg,Topwear
29135.jpg,Eyewear
43714.jpg,Jewellery
30246.jpg,Flip Flops
55885.jpg,Fragrance
28167.jpg,Eyewear
35591.jpg,Sandal
39603.jpg,Shoes
45670.jpg,Fragrance
34615.jpg,Innerwear
45647.jpg,Innerwear
39849.jpg,Topwear
23887.jpg,Shoes
33604.jpg,Wallets
41846.jpg,Bags
6457.jpg,Flip Flops
51044.jpg,Dress
47347.jpg,Bags
4418.jpg,Topwear
6153.jpg,Shoes
12748.jpg,Bottomwear
9931.jpg,Topwear
52925.jpg,Saree
1556.jpg,Innerwear
22229.jpg,Shoes
13389.jpg,Topwear
58908.jpg,Ties
7438.jpg,Topwear
28627.jpg,Bottomwear
25136.jpg,Bags
57586.jpg,Lips
42065.jpg,Bags
19406.jpg,Shoes
22057.jpg,Topwear
56039.jpg,Lips
10996.jpg,Topwear
41271.jpg,Wallets
6459.jpg,Flip Flops
20716.jpg,Shoes
24710.jpg,Sandal
48484.jpg,Dress
32323.jpg,Watches
38449.jpg,Bags
17111.jpg,Bags
2255.jpg,Bottomwear
42119.jpg,Bottomwear
12872.jpg,Shoes
42857.jpg,Wallets
13078.jpg,Shoes
57347.jpg,Innerwear
33603.jpg,Wallets
48193.jpg,Eyewear
32811.jpg,Shoes
23260.jpg,Watches
54302.jpg,Innerwear
56292.jpg,Innerwear
15214.jpg,Bags
49497.jpg,Shoes
8935.jpg,Jewellery
27062.jpg,Bags
28218.jpg,Fragrance
26009.jpg,Fragrance
22589.jpg,Bottomwear
22948.jpg,Watches
53000.jpg,Saree
44956.jpg,Fragrance
33832.jpg,Shoes
21766.jpg,Belts
11155.jpg,Ties
20074.jpg,Fragrance
12852.jpg,Topwear
45021.jpg,Watches
30074.jpg,Watches
20473.jpg,Belts
28226.jpg,Fragrance
28887.jpg,Innerwear
58156.jpg,Topwear
50564.jpg,Innerwear
52947.jpg,Saree
33439.jpg,Bags
43770.jpg,Jewellery
36129.jpg,Wallets
55212.jpg,Fragrance
28286.jpg,Eyewear
22169.jpg,Shoes
48931.jpg,Jewellery
16110.jpg,Eyewear
11890.jpg,Shoes
15705.jpg,Bottomwear
29166.jpg,Fragrance
4991.jpg,Jewellery
8539.jpg,Shoes
9763.jpg,Topwear
24677.jpg,Belts
44136.jpg,Fragrance
47315.jpg,Wallets
36448.jpg,Shoes
57349.jpg,Innerwear
18049.jpg,Wallets
56901.jpg,Shoes
37650.jpg,Wallets
58157.jpg,Bags
58169.jpg,Wallets
17062.jpg,Belts
32632.jpg,Bottomwear
44552.jpg,Sandal
35703.jpg,Flip Flops
10016.jpg,Socks
50967.jpg,Innerwear
47120.jpg,Shoes
37065.jpg,Belts
48708.jpg,Jewellery
56250.jpg,Loungewear and Nightwear
16805.jpg,Bottomwear
28040.jpg,Innerwear
51271.jpg,Watches
55191.jpg,Fragrance
23261.jpg,Watches
27922.jpg,Bottomwear
58168.jpg,Bags
55027.jpg,Lips
44231.jpg,Shoes
48886.jpg,Jewellery
23401.jpg,Bottomwear
47447.jpg,Flip Flops
58909.jpg,Ties
46798.jpg,Shoes
20486.jpg,Belts
41248.jpg,Belts
50508.jpg,Innerwear
12740.jpg,Bags
54792.jpg,Bottomwear
8093.jpg,Shoes
49889.jpg,Watches
6722.jpg,Topwear
15552.jpg,Watches
47518.jpg,Innerwear
33970.jpg,Dress
3721.jpg,Belts
28274.jpg,Fragrance
38024.jpg,Watches
57587.jpg,Lips
17586.jpg,Eyewear
48355.jpg,Bags
21553.jpg,Bags
25335.jpg,Watches
52851.jpg,Jewellery
59644.jpg,Saree
42859.jpg,Bags
23455.jpg,Bottomwear
40766.jpg,Headwear
58150.jpg,Headwear
46634.jpg,Fragrance
59619.jpg,Saree
24533.jpg,Topwear
44405.jpg,Shoes
36054.jpg,Bags
18013.jpg,Belts
12821.jpg,Shoes
36783.jpg,Watches
50756.jpg,Sandal
37895.jpg,Bottomwear
37893.jpg,Bottomwear
46635.jpg,Fragrance
47527.jpg,Innerwear
53526.jpg,Innerwear
42261.jpg,Bottomwear
46031.jpg,Jewellery
4998.jpg,Flip Flops
24445.jpg,Socks
42258.jpg,Bottomwear
16949.jpg,Eyewear
22370.jpg,Bottomwear
1163.jpg,Topwear
48192.jpg,Bags
5566.jpg,Bags
19738.jpg,Wallets
58937.jpg,Watches
26323.jpg,Bottomwear
53053.jpg,Saree
38243.jpg,Flip Flops
16747.jpg,Bags
9967.jpg,Bottomwear
10991.jpg,Topwear
49242.jpg,Headwear
13259.jpg,Bottomwear
37000.jpg,Bags
10502.jpg,Topwear
53062.jpg,Bags
48796.jpg,Jewellery
44214.jpg,Flip Flops
31903.jpg,Innerwear
32173.jpg,Socks
9387.jpg,Shoes
53377.jpg,Bags
48159.jpg,Bags
55655.jpg,Shoes
15950.jpg,Ties
37867.jpg,Wallets
44433.jpg,Shoes
48132.jpg,Bags
19300.jpg,Watches
13135.jpg,Shoes
53748.jpg,Bottomwear
31281.jpg,Topwear
42858.jpg,Bags
35333.jpg,Jewellery
56604.jpg,Lips
46036.jpg,Jewellery
34909.jpg,Topwear
6326.jpg,Flip Flops
17603.jpg,Eyewear
45870.jpg,Watches
58567.jpg,Saree
33632.jpg,Bags
56491.jpg,Fragrance
38471.jpg,Bags
7549.jpg,Bottomwear
40442.jpg,Topwear
35130.jpg,Socks
59078.jpg,Innerwear
39739.jpg,Sandal
58135.jpg,Jewellery
8761.jpg,Bottomwear
56187.jpg,Topwear
3389.jpg,Jewellery
51682.jpg,Eyewear
16111.jpg,Flip Flops
15792.jpg,Innerwear
19907.jpg,Bags
52439.jpg,Saree
38228.jpg,Eyewear
49300.jpg,Socks
33686.jpg,Shoes
50870.jpg,Saree
50305.jpg,Ties
27000.jpg,Bottomwear
23293.jpg,Watches
39937.jpg,Bags
32348.jpg,Watches
49873.jpg,Watches
40078.jpg,Topwear
48477.jpg,Topwear
47324.jpg,Wallets
15334.jpg,Bottomwear
5229.jpg,Fragrance
46782.jpg,Fragrance
28078.jpg,Innerwear
7179.jpg,Bottomwear
32527.jpg,Fragrance
55530.jpg,Fragrance
7000.jpg,Topwear
52802.jpg,Wallets
30679.jpg,Eyewear
11136.jpg,Watches
50993.jpg,Saree
32294.jpg,Watches
55882.jpg,Nails
39963.jpg,Flip Flops
33979.jpg,Bottomwear
44139.jpg,Fragrance
45016.jpg,Watches
57914.jpg,Fragrance
32172.jpg,Socks
15562.jpg,Bottomwear
44874.jpg,Topwear
25196.jpg,Bags
24168.jpg,Topwear
43970.jpg,Bags
4906.jpg,Bottomwear
3381.jpg,Bags
40011.jpg,Eyewear
27833.jpg,Belts
47510.jpg,Innerwear
2172.jpg,Topwear
49083.jpg,Lips
25966.jpg,Topwear
52692.jpg,Watches
11350.jpg,Bottomwear
13150.jpg,Shoes
52202.jpg,Jewellery
49686.jpg,Ties
51640.jpg,Watches
20156.jpg,Topwear
3918.jpg,Bottomwear
6403.jpg,Sandal
3649.jpg,Shoes
25995.jpg,Fragrance
23242.jpg,Shoes
17312.jpg,Eyewear
36978.jpg,Bags
35530.jpg,Shoes
57581.jpg,Lips
5040.jpg,Flip Flops
48939.jpg,Fragrance
30683.jpg,Eyewear
46892.jpg,Bottomwear
1784.jpg,Shoes
56268.jpg,Loungewear and Nightwear
43588.jpg,Topwear
29738.jpg,Bags
59611.jpg,Saree
38025.jpg,Watches
3857.jpg,Topwear
51641.jpg,Watches
17413.jpg,Shoes
38930.jpg,Bottomwear
47520.jpg,Innerwear
36206.jpg,Topwear
51815.jpg,Innerwear
52695.jpg,Watches
17452.jpg,Watches
57256.jpg,Bags
43631.jpg,Topwear
19682.jpg,Topwear
37497.jpg,Watches
42894.jpg,Belts
46869.jpg,Socks
45020.jpg,Watches
28817.jpg,Bottomwear
48558.jpg,Belts
43977.jpg,Fragrance
45029.jpg,Watches
51876.jpg,Flip Flops
13362.jpg,Shoes
39869.jpg,Shoes
10246.jpg,Bags
34613.jpg,Fragrance
17571.jpg,Topwear
21508.jpg,Bags
55271.jpg,Lips
57471.jpg,Shoes
8486.jpg,Topwear
36423.jpg,Shoes
27322.jpg,Fragrance
50284.jpg,Ties
45326.jpg,Shoes
18211.jpg,Headwear
2263.jpg,Bags
4939.jpg,Bottomwear
2654.jpg,Bags
56090.jpg,Lips
28076.jpg,Innerwear
36406.jpg,Socks
26783.jpg,Fragrance
42408.jpg,Innerwear
13062.jpg,Watches
41240.jpg,Belts
32313.jpg,Watches
46659.jpg,Fragrance
37408.jpg,Bags
42996.jpg,Shoes
41426.jpg,Bottomwear
37259.jpg,Bags
39936.jpg,Bags
51825.jpg,Innerwear
28610.jpg,Headwear
21506.jpg,Bags
58338.jpg,Shoes
42036.jpg,Flip Flops
28022.jpg,Innerwear
18040.jpg,Bags
25905.jpg,Bottomwear
17866.jpg,Innerwear
10224.jpg,Bags
34871.jpg,Bags
30791.jpg,Topwear
46000.jpg,Saree
6770.jpg,Topwear
42834.jpg,Bags
18761.jpg,Topwear
31562.jpg,Bottomwear
13701.jpg,Shoes
51622.jpg,Watches
56008.jpg,Fragrance
33370.jpg,Bags
13991.jpg,Shoes
43435.jpg,Topwear
27452.jpg,Innerwear
28758.jpg,Topwear
53892.jpg,Bags
5219.jpg,Bags
18819.jpg,Wallets
37430.jpg,Bags
47377.jpg,Bags
38771.jpg,Shoes
52978.jpg,Saree
4930.jpg,Fragrance
17323.jpg,Eyewear
51615.jpg,Bottomwear
54152.jpg,Jewellery
52859.jpg,Jewellery
34870.jpg,Bags
14738.jpg,Topwear
26519.jpg,Bottomwear
49307.jpg,Socks
18448.jpg,Fragrance
46315.jpg,Watches
54334.jpg,Bottomwear
53441.jpg,Shoes
57778.jpg,Fragrance
46437.jpg,Watches
38997.jpg,Fragrance
56455.jpg,Fragrance
38413.jpg,Belts
55847.jpg,Nails
46668.jpg,Fragrance
40537.jpg,Watches
18079.jpg,Innerwear
42860.jpg,Bags
13166.jpg,Shoes
45646.jpg,Innerwear
49675.jpg,Eyewear
45011.jpg,Watches
45089.jpg,Innerwear
12477.jpg,Shoes
31564.jpg,Bottomwear
22206.jpg,Topwear
38754.jpg,Bags
37918.jpg,Topwear
37857.jpg,Bags
44154.jpg,Bags
49818.jpg,Shoes
54395.jpg,Wallets
57346.jpg,Innerwear
24161.jpg,Topwear
56054.jpg,Lips
24795.jpg,Watches
43353.jpg,Shoes
40501.jpg,Watches
59811.jpg,Topwear
52976.jpg,Saree
20265.jpg,Shoes
26145.jpg,Bottomwear
20489.jpg,Bags
40750.jpg,Flip Flops
6461.jpg,Shoes
15727.jpg,Shoes
34960.jpg,Saree
13040.jpg,Flip Flops
57724.jpg,Lips
22707.jpg,Shoes
8841.jpg,Bottomwear
43803.jpg,Jewellery
58901.jpg,Ties
45955.jpg,Topwear
18816.jpg,Wallets
32407.jpg,Bottomwear
49245.jpg,Jewellery
17438.jpg,Watches
47143.jpg,Bags
14029.jpg,Bottomwear
40530.jpg,Watches
52868.jpg,Jewellery
15494.jpg,Shoes
39482.jpg,Bags
18167.jpg,Fragrance
52604.jpg,Bags
7240.jpg,Shoes
48336.jpg,Jewellery
49819.jpg,Shoes
2636.jpg,Flip Flops
58551.jpg,Eyewear
58306.jpg,Socks
42851.jpg,Bags
36618.jpg,Shoes
31902.jpg,Innerwear
4688.jpg,Fragrance
37055.jpg,Belts
10011.jpg,Bottomwear
9489.jpg,Bags
5588.jpg,Shoes
39661.jpg,Shoes
29503.jpg,Watches
18216.jpg,Socks
36477.jpg,Shoes
45884.jpg,Watches
10018.jpg,Bottomwear
24505.jpg,Topwear
37693.jpg,Bags
56668.jpg,Watches
21720.jpg,Shoes
6548.jpg,Fragrance
25139.jpg,Bags
10334.jpg,Belts
55249.jpg,Wallets
32347.jpg,Watches
4145.jpg,Shoes
5621.jpg,Flip Flops
57925.jpg,Bottomwear
20075.jpg,Fragrance
38217.jpg,Eyewear
33765.jpg,Shoes
9790.jpg,Topwear
28275.jpg,Fragrance
42001.jpg,Bottomwear
27053.jpg,Bags
11076.jpg,Topwear
57067.jpg,Topwear
5015.jpg,Fragrance
50902.jpg,Saree
27803.jpg,Belts
12455.jpg,Belts
33895.jpg,Watches
8470.jpg,Topwear
53586.jpg,Watches
38561.jpg,Headwear
45304.jpg,Belts
21536.jpg,Bags
18210.jpg,Headwear
28816.jpg,Bottomwear
49023.jpg,Jewellery
27232.jpg,Bottomwear
15761.jpg,Innerwear
3577.jpg,Shoes
30737.jpg,Topwear
55429.jpg,Fragrance
37965.jpg,Shoes
19649.jpg,Topwear
21356.jpg,Eyewear
49587.jpg,Shoes
54068.jpg,Shoes
43203.jpg,Watches
24876.jpg,Topwear
51374.jpg,Shoes
50536.jpg,Innerwear
9685.jpg,Jewellery
35304.jpg,Jewellery
24444.jpg,Socks
26747.jpg,Fragrance
17407.jpg,Socks
35241.jpg,Socks
20711.jpg,Shoes
27748.jpg,Bags
23798.jpg,Shoes
18817.jpg,Wallets
13605.jpg,Topwear
59470.jpg,Jewellery
19755.jpg,Watches
37431.jpg,Bags
56930.jpg,Shoes
28041.jpg,Innerwear
17096.jpg,Headwear
47519.jpg,Innerwear
27605.jpg,Bottomwear
5477.jpg,Flip Flops
26864.jpg,Topwear
29930.jpg,Watches
48560.jpg,Eyewear
40305.jpg,Flip Flops
44590.jpg,Belts
40758.jpg,Shoes
8500.jpg,Topwear
54794.jpg,Bottomwear
43971.jpg,Fragrance
21190.jpg,Bags
35654.jpg,Shoes
54500.jpg,Bags
40024.jpg,Topwear
42869.jpg,Bags
39731.jpg,Bottomwear
55652.jpg,Shoes
48167.jpg,Bags
23972.jpg,Topwear
7851.jpg,Topwear
13942.jpg,Topwear
10488.jpg,Bottomwear
19900.jpg,Sandal
30613.jpg,Bottomwear
27463.jpg,Innerwear
17491.jpg,Flip Flops
38399.jpg,Headwear
29193.jpg,Bags
13250.jpg,Fragrance
18012.jpg,Belts
33436.jpg,Innerwear
25153.jpg,Bags
44994.jpg,Watches
17205.jpg,Eyewear
23603.jpg,Fragrance
33546.jpg,Topwear
27669.jpg,Bags
41726.jpg,Shoes
21598.jpg,Bottomwear
37892.jpg,Bottomwear
22941.jpg,Watches
57382.jpg,Innerwear
47724.jpg,Bags
47346.jpg,Fragrance
55950.jpg,Nails
24255.jpg,Shoes
21562.jpg,Bags
24391.jpg,Topwear
32724.jpg,Bags
17182.jpg,Topwear
19036.jpg,Shoes
59053.jpg,Shoes
15236.jpg,Shoes
54849.jpg,Jewellery
59991.jpg,Dress
3720.jpg,Belts
27455.jpg,Innerwear
52205.jpg,Jewellery
45276.jpg,Wallets
32379.jpg,Dress
59610.jpg,Saree
42135.jpg,Shoes
36053.jpg,Bags
5379.jpg,Shoes
8138.jpg,Watches
51215.jpg,Flip Flops
53575.jpg,Watches
3450.jpg,Fragrance
26236.jpg,Topwear
28424.jpg,Eyewear
10759.jpg,Flip Flops
57482.jpg,Shoes
2585.jpg,Shoes
33541.jpg,Topwear
57922.jpg,Bottomwear
2500.jpg,Shoes
47117.jpg,Flip Flops
55224.jpg,Lips
49821.jpg,Flip Flops
28821.jpg,Bottomwear
18681.jpg,Bottomwear
6733.jpg,Shoes
58339.jpg,Flip Flops
15357.jpg,Sandal
57741.jpg,Fragrance
48616.jpg,Jewellery
25351.jpg,Innerwear
32545.jpg,Fragrance
35107.jpg,Wallets
28447.jpg,Bags
18166.jpg,Fragrance
15265.jpg,Shoes
26264.jpg,Topwear
43187.jpg,Watches
13522.jpg,Topwear
13354.jpg,Socks
56787.jpg,Topwear
27203.jpg,Bottomwear
9952.jpg,Watches
32431.jpg,Bottomwear
51993.jpg,Bottomwear
7178.jpg,Bottomwear
43638.jpg,Topwear
33867.jpg,Watches
30822.jpg,Bottomwear
58550.jpg,Eyewear
53007.jpg,Topwear
27695.jpg,Bags
45303.jpg,Belts
3439.jpg,Topwear
28194.jpg,Eyewear
56908.jpg,Shoes
55153.jpg,Fragrance
21467.jpg,Shoes
29220.jpg,Shoes
45676.jpg,Fragrance
25751.jpg,Belts
30075.jpg,Watches
27546.jpg,Topwear
7222.jpg,Shoes
50950.jpg,Bottomwear
24622.jpg,Bags
55883.jpg,Innerwear
59218.jpg,Watches
53808.jpg,Topwear
3917.jpg,Bottomwear
54155.jpg,Jewellery
59356.jpg,Topwear
36483.jpg,Shoes
5400.jpg,Shoes
5501.jpg,Topwear
23895.jpg,Sandal
26521.jpg,Bottomwear
46084.jpg,Shoes
51846.jpg,Innerwear
18440.jpg,Bags
28628.jpg,Fragrance
45285.jpg,Watches
16999.jpg,Flip Flops
55278.jpg,Lips
2324.jpg,Topwear
23581.jpg,Fragrance
41721.jpg,Shoes
24766.jpg,Bags
58646.jpg,Topwear
46054.jpg,Jewellery
46453.jpg,Watches
51356.jpg,Bottomwear
59286.jpg,Watches
37859.jpg,Bags
28390.jpg,Eyewear
16468.jpg,Topwear
4882.jpg,Topwear
53741.jpg,Bottomwear
54541.jpg,Shoes
7328.jpg,Sandal
35492.jpg,Shoes
52172.jpg,Watches
3468.jpg,Topwear
11620.jpg,Topwear
37344.jpg,Topwear
15079.jpg,Topwear
55871.jpg,Nails
5572.jpg,Shoes
37861.jpg,Wallets
39764.jpg,Bottomwear
20429.jpg,Belts
14372.jpg,Shoes
42868.jpg,Bags
35808.jpg,Shoes
58535.jpg,Eyewear
44682.jpg,Saree
16116.jpg,Flip Flops
9411.jpg,Eyewear
16740.jpg,Bags
46867.jpg,Socks
7247.jpg,Shoes
46205.jpg,Jewellery
20773.jpg,Shoes
29880.jpg,Eyewear
8299.jpg,Shoes
36401.jpg,Socks
16050.jpg,Topwear
56990.jpg,Shoes
16748.jpg,Bags
10623.jpg,Shoes
15493.jpg,Shoes
59280.jpg,Fragrance
45683.jpg,Fragrance
44553.jpg,Sandal
32528.jpg,Fragrance
27006.jpg,Bottomwear
16608.jpg,Topwear
47126.jpg,Bags
42913.jpg,Belts
27313.jpg,Fragrance
10249.jpg,Bags
58906.jpg,Ties
51883.jpg,Bags
49768.jpg,Topwear
45249.jpg,Watches
37001.jpg,Bags
28440.jpg,Watches
57545.jpg,Lips
28210.jpg,Eyewear
38843.jpg,Topwear
52834.jpg,Jewellery
59304.jpg,Topwear
35074.jpg,Belts
26985.jpg,Bottomwear
23294.jpg,Watches
15238.jpg,Shoes
40164.jpg,Eyewear
23120.jpg,Flip Flops
24726.jpg,Shoes
55444.jpg,Lips
16510.jpg,Bottomwear
50392.jpg,Watches
17858.jpg,Innerwear
40108.jpg,Bottomwear
46693.jpg,Jewellery
28221.jpg,Fragrance
39258.jpg,Shoes
51486.jpg,Bottomwear
11672.jpg,Topwear
55480.jpg,Lips
23693.jpg,Wallets
55840.jpg,Nails
52385.jpg,Dress
37054.jpg,Belts
39998.jpg,Eyewear
17857.jpg,Bottomwear
7733.jpg,Shoes
30301.jpg,Topwear
36111.jpg,Wallets
42040.jpg,Shoes
23258.jpg,Watches
21335.jpg,Eyewear
41563.jpg,Topwear
7867.jpg,Topwear
43722.jpg,Jewellery
38689.jpg,Bags
17430.jpg,Watches
32460.jpg,Topwear
39632.jpg,Shoes
54122.jpg,Shoes
52835.jpg,Jewellery
41398.jpg,Topwear
38544.jpg,Shoes
43875.jpg,Shoes
46895.jpg,Bottomwear
17868.jpg,Innerwear
26349.jpg,Watches
43783.jpg,Jewellery
6896.jpg,Bottomwear
46776.jpg,Fragrance
27454.jpg,Innerwear
50190.jpg,Innerwear
17414.jpg,Shoes
2625.jpg,Shoes
10020.jpg,Socks
27804.jpg,Belts
23140.jpg,Topwear
55248.jpg,Wallets
22601.jpg,Topwear
29260.jpg,Shoes
43181.jpg,Watches
17515.jpg,Topwear
14375.jpg,Shoes
53065.jpg,Bags
32587.jpg,Bottomwear
36526.jpg,Belts
20169.jpg,Topwear
26746.jpg,Fragrance
28425.jpg,Eyewear
4249.jpg,Topwear
46083.jpg,Shoes
15303.jpg,Shoes
14535.jpg,Topwear
58159.jpg,Wallets
45488.jpg,Bottomwear
3919.jpg,Bottomwear
21887.jpg,Topwear
14764.jpg,Topwear
26383.jpg,Bottomwear
38992.jpg,Topwear
54163.jpg,Jewellery
12631.jpg,Topwear
6466.jpg,Flip Flops
33105.jpg,Shoes
58642.jpg,Socks
2971.jpg,Topwear
35441.jpg,Topwear
59175.jpg,Shoes
16639.jpg,Topwear
53724.jpg,Shoes
23740.jpg,Eyewear
42513.jpg,Topwear
50732.jpg,Sandal
15626.jpg,Topwear
15351.jpg,Bottomwear
56602.jpg,Lips
17127.jpg,Bags
12297.jpg,Topwear
15961.jpg,Ties
33778.jpg,Socks
49829.jpg,Flip Flops
22454.jpg,Bottomwear
16776.jpg,Watches
40459.jpg,Shoes
8107.jpg,Watches
56096.jpg,Lips
56036.jpg,Lips
34744.jpg,Shoes
33437.jpg,Bags
37234.jpg,Wallets
29931.jpg,Watches
51625.jpg,Watches
31275.jpg,Topwear
20898.jpg,Sandal
49071.jpg,Nails
6165.jpg,Shoes
44845.jpg,Topwear
21509.jpg,Bags
27001.jpg,Bottomwear
52436.jpg,Topwear
37850.jpg,Wallets
17185.jpg,Topwear
56055.jpg,Lips
22829.jpg,Shoes
28827.jpg,Innerwear
54164.jpg,Innerwear
39557.jpg,Wallets
4496.jpg,Shoes
16771.jpg,Watches
9488.jpg,Bags
13365.jpg,Shoes
44562.jpg,Sandal
38937.jpg,Bottomwear
55241.jpg,Fragrance
37063.jpg,Belts
28220.jpg,Fragrance
28818.jpg,Bottomwear
36776.jpg,Watches
59940.jpg,Shoes
12881.jpg,Shoes
18820.jpg,Wallets
31207.jpg,Shoes
30337.jpg,Topwear
16382.jpg,Bottomwear
40027.jpg,Headwear
55846.jpg,Nails
31905.jpg,Innerwear
8441.jpg,Topwear
30285.jpg,Eyewear
52407.jpg,Saree
50966.jpg,Innerwear
53580.jpg,Watches
28315.jpg,Shoes
57099.jpg,Bottomwear
23268.jpg,Watches
42835.jpg,Bags
14285.jpg,Bottomwear
20613.jpg,Bags
5218.jpg,Bags
55154.jpg,Nails
15959.jpg,Ties
11152.jpg,Ties
36382.jpg,Socks
4519.jpg,Shoes
45564.jpg,Fragrance
11191.jpg,Watches
15951.jpg,Ties
12529.jpg,Bottomwear
37437.jpg,Bags
23575.jpg,Fragrance
31024.jpg,Topwear
4731.jpg,Flip Flops
5915.jpg,Shoes
29939.jpg,Watches
32144.jpg,Innerwear
55841.jpg,Nails
33707.jpg,Shoes
5749.jpg,Shoes
42063.jpg,Fragrance
16379.jpg,Bottomwear
26645.jpg,Shoes
15759.jpg,Topwear
30011.jpg,Watches
38023.jpg,Watches
51164.jpg,Socks
46293.jpg,Fragrance
55824.jpg,Saree
45283.jpg,Fragrance
42701.jpg,Shoes
16370.jpg,Bottomwear
51684.jpg,Eyewear
22784.jpg,Bottomwear
54303.jpg,Innerwear
51367.jpg,Bottomwear
28563.jpg,Topwear
32121.jpg,Innerwear
5153.jpg,Topwear
52497.jpg,Loungewear and Nightwear
4411.jpg,Topwear
17031.jpg,Flip Flops
5611.jpg,Sandal
19925.jpg,Shoes
55223.jpg,Lips
47312.jpg,Bags
58161.jpg,Bags
9351.jpg,Socks
26890.jpg,Topwear
34883.jpg,Bags
9369.jpg,Bags
2982.jpg,Topwear
30339.jpg,Topwear
17894.jpg,Topwear
18736.jpg,Topwear
39709.jpg,Watches
16779.jpg,Watches
14613.jpg,Socks
59077.jpg,Innerwear
6699.jpg,Jewellery
3152.jpg,Shoes
43636.jpg,Topwear
43189.jpg,Watches
16516.jpg,Bottomwear
4521.jpg,Shoes
46851.jpg,Flip Flops
57784.jpg,Wallets
14882.jpg,Bags
13551.jpg,Shoes
18750.jpg,Topwear
33134.jpg,Shoes
32312.jpg,Watches
16971.jpg,Sandal
56142.jpg,Lips
52257.jpg,Innerwear
51155.jpg,Socks
48532.jpg,Flip Flops
47211.jpg,Shoes
15066.jpg,Shoes
28160.jpg,Eyewear
42605.jpg,Jewellery
47610.jpg,Shoes
51678.jpg,Eyewear
47385.jpg,Fragrance
19135.jpg,Sandal
39755.jpg,Bottomwear
29256.jpg,Shoes
53723.jpg,Flip Flops
28273.jpg,Fragrance
3223.jpg,Shoes
53872.jpg,Shoes
37927.jpg,Topwear
30670.jpg,Eyewear
28448.jpg,Bags
49166.jpg,Fragrance
15048.jpg,Topwear
47174.jpg,Sandal
31993.jpg,Socks
12924.jpg,Sandal
50951.jpg,Bottomwear
59643.jpg,Saree
33355.jpg,Shoes
59618.jpg,Saree
44155.jpg,Bags
20416.jpg,Belts
38047.jpg,Watches
48444.jpg,Topwear
5078.jpg,Watches
5228.jpg,Bags
17605.jpg,Eyewear
49157.jpg,Lips
39996.jpg,Eyewear
21199.jpg,Belts
54508.jpg,Bags
21350.jpg,Eyewear
7375.jpg,Flip Flops
49820.jpg,Flip Flops
10354.jpg,Topwear
42603.jpg,Jewellery
43888.jpg,Shoes
28888.jpg,Innerwear
18220.jpg,Socks
26618.jpg,Shoes
53573.jpg,Watches
29399.jpg,Bottomwear
24679.jpg,Belts
12991.jpg,Shoes
49887.jpg,Watches
14577.jpg,Shoes
41241.jpg,Belts
26835.jpg,Bottomwear
57383.jpg,Innerwear
20475.jpg,Wallets
51704.jpg,Eyewear
33352.jpg,Shoes
21683.jpg,Watches
18827.jpg,Wallets
6654.jpg,Flip Flops
29648.jpg,Topwear
7822.jpg,Shoes
25904.jpg,Bottomwear
54392.jpg,Bags
46052.jpg,Jewellery
18219.jpg,Socks
52803.jpg,Bags
24625.jpg,Bags
17439.jpg,Watches
34300.jpg,Topwear
35903.jpg,Bags
12655.jpg,Topwear
39132.jpg,Bottomwear
56496.jpg,Nails
50992.jpg,Watches
6864.jpg,Topwear
17437.jpg,Watches
4936.jpg,Fragrance
28048.jpg,Innerwear
11492.jpg,Shoes
57478.jpg,Shoes
49533.jpg,Bags
28661.jpg,Shoes
14386.jpg,Flip Flops
45086.jpg,Loungewear and Nightwear
23908.jpg,Shoes
43748.jpg,Jewellery
33635.jpg,Bags
32325.jpg,Watches
12708.jpg,Shoes
47626.jpg,Shoes
39205.jpg,Shoes
34936.jpg,Loungewear and Nightwear
52892.jpg,Saree
13192.jpg,Shoes
9569.jpg,Topwear
58954.jpg,Fragrance
53941.jpg,Bags
10177.jpg,Shoes
28595.jpg,Belts
36714.jpg,Fragrance
13783.jpg,Bottomwear
5519.jpg,Shoes
48790.jpg,Jewellery
37916.jpg,Topwear
36492.jpg,Topwear
40767.jpg,Headwear
46203.jpg,Jewellery
5616.jpg,Sandal
26494.jpg,Topwear
38216.jpg,Eyewear
52660.jpg,Bags
5506.jpg,Topwear
55421.jpg,Lips
29754.jpg,Watches
21555.jpg,Bags
45535.jpg,Topwear
49991.jpg,Socks
41717.jpg,Shoes
49012.jpg,Fragrance
9151.jpg,Topwear
41044.jpg,Watches
20080.jpg,Innerwear
30154.jpg,Belts
26693.jpg,Bags
17464.jpg,Wallets
24157.jpg,Topwear
59054.jpg,Shoes
13556.jpg,Flip Flops
21960.jpg,Bags
8903.jpg,Bottomwear
57322.jpg,Innerwear
49040.jpg,Jewellery
28337.jpg,Eyewear
40759.jpg,Flip Flops
42037.jpg,Flip Flops
53914.jpg,Bags
1545.jpg,Shoes
55418.jpg,Lips
33267.jpg,Bottomwear
50555.jpg,Topwear
58907.jpg,Ties
48157.jpg,Bags
55283.jpg,Fragrance
21873.jpg,Topwear
38828.jpg,Topwear
15621.jpg,Topwear
49701.jpg,Ties
24906.jpg,Topwear
38015.jpg,Watches
39765.jpg,Bottomwear
14955.jpg,Topwear
36296.jpg,Topwear
18441.jpg,Fragrance
26382.jpg,Bottomwear
9444.jpg,Bags
38448.jpg,Bags
12800.jpg,Topwear
34956.jpg,Saree
30824.jpg,Bottomwear
4796.jpg,Bottomwear
19824.jpg,Topwear
48337.jpg,Jewellery
26348.jpg,Watches
40506.jpg,Watches
37064.jpg,Belts
9080.jpg,Bottomwear
14532.jpg,Topwear
57740.jpg,Fragrance
36376.jpg,Socks
6862.jpg,Topwear
36915.jpg,Wallets
20879.jpg,Eyewear
29736.jpg,Bags
15333.jpg,Bottomwear
18996.jpg,Bags
31423.jpg,Topwear
30072.jpg,Watches
43586.jpg,Fragrance
29845.jpg,Bottomwear
4215.jpg,Topwear
57348.jpg,Innerwear
44849.jpg,Headwear
24159.jpg,Topwear
51670.jpg,Eyewear
41018.jpg,Belts
47144.jpg,Bags
25334.jpg,Watches
48700.jpg,Jewellery
38776.jpg,Shoes
39997.jpg,Eyewear
9442.jpg,Bags
13602.jpg,Topwear
39893.jpg,Shoes
56062.jpg,Lips
36118.jpg,Wallets
28211.jpg,Eyewear
39217.jpg,Dress
4657.jpg,Shoes
31904.jpg,Innerwear
54305.jpg,Topwear
45213.jpg,Watches
56462.jpg,Nails
28243.jpg,Fragrance
47314.jpg,Bags
26984.jpg,Bottomwear
46292.jpg,Fragrance
3054.jpg,Topwear
47382.jpg,Bags
13945.jpg,Topwear
29070.jpg,Bags
25212.jpg,Bags
17859.jpg,Innerwear
50191.jpg,Topwear
51020.jpg,Innerwear
22006.jpg,Bags
2507.jpg,Shoes
27170.jpg,Topwear
38842.jpg,Dress
22630.jpg,Topwear
42850.jpg,Bags
36922.jpg,Wallets
44165.jpg,Bags
56180.jpg,Lips
40691.jpg,Shoes
7664.jpg,Socks
52181.jpg,Jewellery
48594.jpg,Jewellery
54882.jpg,Jewellery
28229.jpg,Fragrance
47220.jpg,Shoes
47378.jpg,Bags
55812.jpg,Loungewear and Nightwear
23619.jpg,Shoes
52437.jpg,Saree
50957.jpg,Bottomwear
45088.jpg,Innerwear
51026.jpg,Innerwear
8109.jpg,Innerwear
18218.jpg,Socks
51393.jpg,Bottomwear
49810.jpg,Flip Flops
10021.jpg,Bottomwear
5070.jpg,Watches
15718.jpg,Shoes
27491.jpg,Innerwear
4449.jpg,Headwear
19016.jpg,Topwear
11082.jpg,Topwear
9567.jpg,Topwear
50501.jpg,Innerwear
12093.jpg,Topwear
4797.jpg,Bottomwear
2230.jpg,Shoes
43175.jpg,Watches
55474.jpg,Lips
10130.jpg,Watches
39355.jpg,Watches
25404.jpg,Shoes
38211.jpg,Eyewear
25357.jpg,Innerwear
35303.jpg,Jewellery
5407.jpg,Shoes
10333.jpg,Belts
36830.jpg,Topwear
25040.jpg,Topwear
45328.jpg,Shoes
17860.jpg,Innerwear
17916.jpg,Topwear
47325.jpg,Bags
39840.jpg,Topwear
39330.jpg,Jewellery
30247.jpg,Flip Flops
40163.jpg,Eyewear
56063.jpg,Lips
55080.jpg,Fragrance
28413.jpg,Eyewear
16940.jpg,Eyewear
37053.jpg,Belts
28287.jpg,Eyewear
4595.jpg,Bags
44623.jpg,Sandal
58307.jpg,Socks
56235.jpg,Ties
37772.jpg,Topwear
37657.jpg,Socks
19765.jpg,Watches
15332.jpg,Bottomwear
36479.jpg,Shoes
3212.jpg,Shoes
9123.jpg,Shoes
3387.jpg,Bags
37409.jpg,Bags
23292.jpg,Watches
31703.jpg,Jewellery
11196.jpg,Watches
44950.jpg,Fragrance
50596.jpg,Innerwear
11024.jpg,Topwear
46388.jpg,Topwear
12069.jpg,Topwear
51885.jpg,Bags
46491.jpg,Watches
57312.jpg,Innerwear
51878.jpg,Wallets
52349.jpg,Dress
59965.jpg,Topwear
18810.jpg,Belts
6368.jpg,Shoes
43172.jpg,Watches
57371.jpg,Innerwear
26544.jpg,Sandal
29079.jpg,Belts
52518.jpg,Topwear
8828.jpg,Topwear
47661.jpg,Topwear
19301.jpg,Watches
46438.jpg,Watches
22925.jpg,Watches
44138.jpg,Fragrance
59272.jpg,Watches
2653.jpg,Bags
4878.jpg,Jewellery
40016.jpg,Topwear
2697.jpg,Jewellery
51029.jpg,Innerwear
57777.jpg,Lips
41246.jpg,Belts
58533.jpg,Eyewear
48593.jpg,Jewellery
33657.jpg,Sandal
48194.jpg,Eyewear
17091.jpg,Wallets
51509.jpg,Bottomwear
46866.jpg,Socks
25108.jpg,Belts
27832.jpg,Belts
11047.jpg,Topwear
26314.jpg,Bottomwear
57376.jpg,Shoes
41279.jpg,Wallets
14794.jpg,Bags
37585.jpg,Topwear
8101.jpg,Watches
51958.jpg,Bags
30087.jpg,Watches
3895.jpg,Fragrance
31162.jpg,Bottomwear
51624.jpg,Watches
45044.jpg,Watches
45222.jpg,Watches
45877.jpg,Watches
27834.jpg,Belts
10170.jpg,Shoes
9124.jpg,Shoes
18302.jpg,Topwear
36749.jpg,Jewellery
27694.jpg,Bags
19906.jpg,Bags
6392.jpg,Shoes
8139.jpg,Watches
43589.jpg,Topwear
42251.jpg,Bottomwear
11131.jpg,Watches
38568.jpg,Bottomwear
30734.jpg,Bottomwear
30825.jpg,Bottomwear
43255.jpg,Topwear
51042.jpg,Bottomwear
45882.jpg,Watches
4267.jpg,Shoes
55878.jpg,Fragrance
39532.jpg,Innerwear
49844.jpg,Watches
8625.jpg,Eyewear
37260.jpg,Bags
55877.jpg,Fragrance
48592.jpg,Jewellery
45010.jpg,Watches
49739.jpg,Ties
42833.jpg,Bags
56341.jpg,Watches
13053.jpg,Watches
53588.jpg,Watches
9201.jpg,Shoes
30080.jpg,Watches
44967.jpg,Watches
21994.jpg,Bags
34457.jpg,Shoes
3469.jpg,Watches
8106.jpg,Watches
30537.jpg,Bags
54878.jpg,Jewellery
27038.jpg,Bags
28415.jpg,Eyewear
22650.jpg,Bags
16517.jpg,Bottomwear
40040.jpg,Topwear
22001.jpg,Bags
58963.jpg,Fragrance
43886.jpg,Shoes
12875.jpg,Shoes
17633.jpg,Bags
20410.jpg,Bags
49888.jpg,Watches
11837.jpg,Shoes
22273.jpg,Flip Flops
28626.jpg,Bottomwear
4436.jpg,Shoes
3868.jpg,Topwear
35198.jpg,Bags
16120.jpg,Flip Flops
1569.jpg,Innerwear
45278.jpg,Bags
38441.jpg,Bags
7840.jpg,Shoes
13490.jpg,Bottomwear
40359.jpg,Bottomwear
42313.jpg,Saree
6714.jpg,Topwear
39220.jpg,Topwear
54153.jpg,Jewellery
40302.jpg,Shoes
33407.jpg,Bags
37858.jpg,Bags
50426.jpg,Bags
46692.jpg,Fragrance
49161.jpg,Fragrance
30812.jpg,Bottomwear
36976.jpg,Bags
53378.jpg,Shoes
22059.jpg,Topwear
38526.jpg,Shoes
57037.jpg,Topwear
58132.jpg,Jewellery
50562.jpg,Innerwear
41878.jpg,Flip Flops
44100.jpg,Fragrance
46861.jpg,Shoes
22873.jpg,Shoes
43477.jpg,Shoes
46490.jpg,Watches
42914.jpg,Belts
42602.jpg,Jewellery
5912.jpg,Shoes
7781.jpg,Bags
56669.jpg,Watches
11935.jpg,Sandal
39952.jpg,Flip Flops
18688.jpg,Innerwear
29955.jpg,Eyewear
1587.jpg,Jewellery
23267.jpg,Watches
9163.jpg,Bottomwear
6941.jpg,Topwear
1936.jpg,Watches
26312.jpg,Bottomwear
25152.jpg,Bags
46465.jpg,Watches
48568.jpg,Jewellery
22898.jpg,Topwear
23149.jpg,Topwear
3367.jpg,Shoes
40224.jpg,Belts
26340.jpg,Watches
25461.jpg,Shoes
35196.jpg,Bags
30472.jpg,Innerwear
57712.jpg,Lips
22915.jpg,Eyewear
5923.jpg,Shoes
46747.jpg,Bottomwear
59881.jpg,Bottomwear
28024.jpg,Fragrance
16894.jpg,Eyewear
57039.jpg,Saree
43511.jpg,Dress
43526.jpg,Bottomwear
4990.jpg,Jewellery
34450.jpg,Shoes
25215.jpg,Bags
45225.jpg,Watches
54066.jpg,Shoes
49085.jpg,Nails
13256.jpg,Bottomwear
58962.jpg,Fragrance
42054.jpg,Wallets
6784.jpg,Topwear
31933.jpg,Bags
13168.jpg,Shoes
18354.jpg,Shoes
13328.jpg,Topwear
51956.jpg,Bags
57378.jpg,Innerwear
42409.jpg,Innerwear
33463.jpg,Belts
20480.jpg,Wallets
15751.jpg,Topwear
40500.jpg,Watches
21552.jpg,Bags
4104.jpg,Sandal
25750.jpg,Belts
34813.jpg,Flip Flops
28244.jpg,Fragrance
33656.jpg,Sandal
28082.jpg,Innerwear
37694.jpg,Bags
15554.jpg,Topwear
35902.jpg,Bags
46666.jpg,Fragrance
39533.jpg,Innerwear
33310.jpg,Topwear
55368.jpg,Nails
35994.jpg,Bottomwear
26384.jpg,Bottomwear
4931.jpg,Topwear
43186.jpg,Watches
11839.jpg,Shoes
34814.jpg,Jewellery
3261.jpg,Topwear
47379.jpg,Bags
18689.jpg,Innerwear
37490.jpg,Watches
39505.jpg,Bags
29625.jpg,Topwear
48161.jpg,Wallets
58300.jpg,Socks
51507.jpg,Bottomwear
52498.jpg,Topwear
7522.jpg,Bags
33570.jpg,Topwear
41028.jpg,Headwear
44961.jpg,Fragrance
32231.jpg,Topwear
10225.jpg,Bags
29102.jpg,Bags
57580.jpg,Fragrance
50506.jpg,Innerwear
29028.jpg,Topwear
54394.jpg,Bags
26347.jpg,Watches
30411.jpg,Bottomwear
52112.jpg,Topwear
57090.jpg,Bottomwear
10708.jpg,Topwear
57746.jpg,Lips
25302.jpg,Fragrance
49688.jpg,Ties
46834.jpg,Bottomwear
51882.jpg,Wallets
49228.jpg,Socks
3096.jpg,Topwear
34622.jpg,Watches
37267.jpg,Nails
16117.jpg,Flip Flops
45649.jpg,Innerwear
48168.jpg,Wallets
18046.jpg,Wallets
41247.jpg,Belts
10248.jpg,Bags
3602.jpg,Topwear
57749.jpg,Fragrance
6697.jpg,Topwear
40932.jpg,Bottomwear
15935.jpg,Belts
18734.jpg,Topwear
25733.jpg,Belts
28504.jpg,Bottomwear
16860.jpg,Eyewear
28355.jpg,Eyewear
31995.jpg,Socks
59367.jpg,Topwear
57893.jpg,Bottomwear
4708.jpg,Watches
18023.jpg,Belts
29730.jpg,Bags
48906.jpg,Jewellery
38591.jpg,Topwear
37962.jpg,Shoes
28079.jpg,Innerwear
8768.jpg,Eyewear
9016.jpg,Shoes
38220.jpg,Eyewear
46656.jpg,Fragrance
33401.jpg,Wallets
4142.jpg,Shoes
28156.jpg,Eyewear
26897.jpg,Topwear
32517.jpg,Sandal
47692.jpg,Bags
53837.jpg,Topwear
18757.jpg,Topwear
46431.jpg,Watches
42525.jpg,Topwear
8100.jpg,Watches
39337.jpg,Bottomwear
48765.jpg,Jewellery
55246.jpg,Fragrance
19640.jpg,Topwear
35806.jpg,Shoes
29532.jpg,Watches
19685.jpg,Topwear
56266.jpg,Loungewear and Nightwear
20427.jpg,Wallets
35590.jpg,Sandal
18656.jpg,Shoes
45584.jpg,Shoes
30705.jpg,Bags
40620.jpg,Topwear
50302.jpg,Ties
15394.jpg,Flip Flops
56174.jpg,Lips
55870.jpg,Nails
19908.jpg,Bags
10500.jpg,Topwear
38768.jpg,Topwear
14625.jpg,Bottomwear
49024.jpg,Jewellery
25130.jpg,Bags
5747.jpg,Shoes
53348.jpg,Innerwear
40536.jpg,Watches
21958.jpg,Bags
23171.jpg,Topwear
1536.jpg,Topwear
9999.jpg,Topwear
50597.jpg,Innerwear
59287.jpg,Watches
6131.jpg,Shoes
7123.jpg,Bags
25029.jpg,Bottomwear
56294.jpg,Innerwear
58736.jpg,Bottomwear
21934.jpg,Bags
42633.jpg,Jewellery
59794.jpg,Topwear
56858.jpg,Flip Flops
25392.jpg,Topwear
36912.jpg,Wallets
39930.jpg,Bags
28935.jpg,Topwear
45878.jpg,Watches
59274.jpg,Watches
3710.jpg,Belts
56030.jpg,Lips
41849.jpg,Bags
39979.jpg,Shoes
25902.jpg,Bottomwear
55010.jpg,Ties
58939.jpg,Watches
46923.jpg,Fragrance
32635.jpg,Bottomwear
54509.jpg,Bags
31429.jpg,Bottomwear
9993.jpg,Bottomwear
7813.jpg,Shoes
24676.jpg,Bags
27039.jpg,Bags
41427.jpg,Bottomwear
31334.jpg,Bottomwear
2665.jpg,Bags
9994.jpg,Bottomwear
37720.jpg,Topwear
41876.jpg,Flip Flops
51394.jpg,Bottomwear
45671.jpg,Fragrance
5725.jpg,Shoes
8477.jpg,Topwear
10772.jpg,Sandal
59220.jpg,Watches
53572.jpg,Watches
22827.jpg,Shoes
17731.jpg,Shoes
58151.jpg,Headwear
51735.jpg,Eyewear
33438.jpg,Bags
53740.jpg,Bottomwear
43545.jpg,Shoes
29874.jpg,Eyewear
31992.jpg,Socks
39558.jpg,Bags
41010.jpg,Bottomwear
6174.jpg,Topwear
33465.jpg,Belts
34103.jpg,Topwear
15677.jpg,Bottomwear
38014.jpg,Watches
58194.jpg,Bags
29964.jpg,Eyewear
25155.jpg,Bags
33532.jpg,Shoes
37708.jpg,Shoes
20552.jpg,Belts
52602.jpg,Bags
9356.jpg,Socks
49287.jpg,Socks
20167.jpg,Topwear
8131.jpg,Watches
50395.jpg,Watches
56856.jpg,Flip Flops
35539.jpg,Shoes
52491.jpg,Topwear
30641.jpg,Headwear
24678.jpg,Belts
5071.jpg,Watches
1994.jpg,Topwear
34882.jpg,Bags
38422.jpg,Bags
25844.jpg,Topwear
44873.jpg,Topwear
38414.jpg,Belts
27499.jpg,Wallets
49159.jpg,Fragrance
2655.jpg,Bags
33858.jpg,Shoes
33894.jpg,Watches
8704.jpg,Eyewear
49826.jpg,Flip Flops
39931.jpg,Bags
57776.jpg,Fragrance
32939.jpg,Shoes
59079.jpg,Innerwear
16777.jpg,Watches
47650.jpg,Topwear
44197.jpg,Flip Flops
57313.jpg,Innerwear
19053.jpg,Shoes
15442.jpg,Bags
22923.jpg,Watches
35801.jpg,Shoes
48391.jpg,Bottomwear
45321.jpg,Shoes
5627.jpg,Flip Flops
54871.jpg,Jewellery
9486.jpg,Bags
24184.jpg,Shoes
42634.jpg,Jewellery
42730.jpg,Shoes
1619.jpg,Bottomwear
46859.jpg,Flip Flops
35106.jpg,Wallets
59560.jpg,Jewellery
41870.jpg,Flip Flops
18933.jpg,Topwear
11138.jpg,Watches
31209.jpg,Shoes
48755.jpg,Jewellery
45224.jpg,Watches
33133.jpg,Shoes
2467.jpg,Jewellery
49881.jpg,Watches
53725.jpg,Shoes
30410.jpg,Bottomwear
5198.jpg,Topwear
9487.jpg,Bags
52465.jpg,Innerwear
41249.jpg,Belts
12060.jpg,Topwear
44596.jpg,Belts
49490.jpg,Shoes
20158.jpg,Topwear
59551.jpg,Jewellery
5077.jpg,Watches
44624.jpg,Flip Flops
51703.jpg,Eyewear
8846.jpg,Bottomwear
19472.jpg,Topwear
46463.jpg,Watches
38753.jpg,Bags
24252.jpg,Shoes
43120.jpg,Bags
48569.jpg,Shoes
34569.jpg,Topwear
2663.jpg,Headwear
3850.jpg,Topwear
44458.jpg,Shoes
34614.jpg,Innerwear
21590.jpg,Bottomwear
19133.jpg,Shoes
30473.jpg,Innerwear
15515.jpg,Shoes
3921.jpg,Bottomwear
56052.jpg,Lips
37788.jpg,Topwear
25360.jpg,Innerwear
53749.jpg,Bottomwear
35073.jpg,Belts
47129.jpg,Bags
34624.jpg,Watches
48352.jpg,Bags
23097.jpg,Flip Flops
28531.jpg,Topwear
52805.jpg,Wallets
26785.jpg,Fragrance
51677.jpg,Eyewear
40553.jpg,Watches
49845.jpg,Fragrance
30814.jpg,Bottomwear
50042.jpg,Innerwear
45606.jpg,Shoes
15720.jpg,Shoes
27462.jpg,Fragrance
26403.jpg,Topwear
9410.jpg,Eyewear
26448.jpg,Shoes
35571.jpg,Shoes
39353.jpg,Watches
58301.jpg,Socks
47175.jpg,Sandal
50956.jpg,Bottomwear
39955.jpg,Flip Flops
22639.jpg,Topwear
16785.jpg,Watches
39502.jpg,Bags
39797.jpg,Bottomwear
19612.jpg,Topwear
36979.jpg,Bags
17651.jpg,Flip Flops
17924.jpg,Bottomwear
16978.jpg,Flip Flops
57715.jpg,Lips
44960.jpg,Fragrance
45018.jpg,Watches
35136.jpg,Eyewear
6154.jpg,Shoes
24443.jpg,Socks
51884.jpg,Wallets
29908.jpg,Watches
2347.jpg,Topwear
4526.jpg,Shoes
54507.jpg,Bags
29504.jpg,Watches
21967.jpg,Bags
34397.jpg,Topwear
48158.jpg,Wallets
6361.jpg,Shoes
58821.jpg,Watches
20420.jpg,Bags
58022.jpg,Jewellery
32209.jpg,Topwear
29813.jpg,Topwear
53587.jpg,Watches
25223.jpg,Bags
58505.jpg,Topwear
15109.jpg,Bottomwear
45583.jpg,Shoes
27204.jpg,Bottomwear
16118.jpg,Flip Flops
48701.jpg,Jewellery
41847.jpg,Bags
45601.jpg,Shoes
35305.jpg,Jewellery
18953.jpg,Socks
15367.jpg,Sandal
20849.jpg,Bags
8136.jpg,Watches
49014.jpg,Fragrance
39202.jpg,Shoes
58965.jpg,Fragrance
34591.jpg,Dress
12067.jpg,Topwear
20481.jpg,Wallets
23038.jpg,Bottomwear
37498.jpg,Watches
28193.jpg,Eyewear
10566.jpg,Topwear
59358.jpg,Topwear
38485.jpg,Belts
38012.jpg,Bags
50761.jpg,Sandal
17431.jpg,Watches
58337.jpg,Shoes
58336.jpg,Flip Flops
39189.jpg,Shoes
48150.jpg,Wallets
33259.jpg,Bottomwear
23339.jpg,Shoes
44164.jpg,Fragrance
26143.jpg,Bottomwear
3386.jpg,Bags
53370.jpg,Bags
4594.jpg,Bags
20426.jpg,Wallets
41016.jpg,Belts
34598.jpg,Topwear
52376.jpg,Saree
15684.jpg,Bottomwear
36542.jpg,Wallets
57258.jpg,Bags
29167.jpg,Fragrance
46850.jpg,Flip Flops
25303.jpg,Wallets
33866.jpg,Shoes
23860.jpg,Flip Flops
5301.jpg,Bags
23543.jpg,Fragrance
49766.jpg,Topwear
21050.jpg,Shoes
7514.jpg,Bottomwear
44932.jpg,Bottomwear
13251.jpg,Fragrance
56009.jpg,Lips
25368.jpg,Topwear
45995.jpg,Saree
7803.jpg,Topwear
3671.jpg,Shoes
39362.jpg,Watches
57940.jpg,Flip Flops
17650.jpg,Flip Flops
52633.jpg,Bags
25522.jpg,Shoes
14876.jpg,Bottomwear
48843.jpg,Jewellery
53589.jpg,Watches
59616.jpg,Saree
7124.jpg,Innerwear
18811.jpg,Belts
38226.jpg,Eyewear
30018.jpg,Watches
5076.jpg,Watches
40223.jpg,Belts
50968.jpg,Innerwear
36518.jpg,Belts
40026.jpg,Jewellery
56232.jpg,Saree
5288.jpg,Shoes
51646.jpg,Watches
11905.jpg,Sandal
40450.jpg,Shoes
49580.jpg,Shoes
25137.jpg,Bags
16782.jpg,Watches
48990.jpg,Jewellery
38227.jpg,Eyewear
34338.jpg,Topwear
58503.jpg,Topwear
33408.jpg,Bags
39999.jpg,Eyewear
46860.jpg,Flip Flops
25333.jpg,Watches
11198.jpg,Watches
36121.jpg,Wallets
53979.jpg,Bags
52409.jpg,Dress
45641.jpg,Innerwear
36268.jpg,Loungewear and Nightwear
39668.jpg,Shoes
42991.jpg,Shoes
21968.jpg,Bags
34612.jpg,Innerwear
56189.jpg,Lips
29763.jpg,Fragrance
56955.jpg,Shoes
50877.jpg,Saree
47526.jpg,Innerwear
21425.jpg,Topwear
28397.jpg,Eyewear
17176.jpg,Topwear
55359.jpg,Fragrance
58900.jpg,Ties
37856.jpg,Bags
35552.jpg,Shoes
36347.jpg,Ties
44493.jpg,Shoes
59620.jpg,Saree
6542.jpg,Topwear
35152.jpg,Sandal
55445.jpg,Lips
51847.jpg,Innerwear
48166.jpg,Bags
27407.jpg,Bottomwear
25109.jpg,Belts
56007.jpg,Lips
19132.jpg,Flip Flops
52694.jpg,Watches
51679.jpg,Eyewear
45388.jpg,Flip Flops
21995.jpg,Bags
2238.jpg,Flip Flops
32521.jpg,Bags
9081.jpg,Bottomwear
14615.jpg,Watches
41027.jpg,Headwear
45963.jpg,Topwear
41871.jpg,Flip Flops
37658.jpg,Socks
49816.jpg,Flip Flops
33497.jpg,Bottomwear
35501.jpg,Sandal
14823.jpg,Belts
38477.jpg,Wallets
9558.jpg,Topwear
15619.jpg,Fragrance
19909.jpg,Bags
47033.jpg,Topwear
18022.jpg,Belts
30196.jpg,Bags
26144.jpg,Bottomwear
26324.jpg,Loungewear and Nightwear
23453.jpg,Bottomwear
41743.jpg,Shoes
53038.jpg,Saree
46400.jpg,Bottomwear
9033.jpg,Shoes
20612.jpg,Bags
22657.jpg,Bags
42632.jpg,Jewellery
50303.jpg,Ties
11305.jpg,Bottomwear
26007.jpg,Fragrance
56452.jpg,Lips
33430.jpg,Bags
51028.jpg,Innerwear
46039.jpg,Jewellery
11629.jpg,Topwear
40109.jpg,Bottomwear
50884.jpg,Saree
16405.jpg,Topwear
49041.jpg,Jewellery
48488.jpg,Topwear
22465.jpg,Bottomwear
56099.jpg,Lips
28217.jpg,Fragrance
13525.jpg,Topwear
53110.jpg,Jewellery
19888.jpg,Belts
43180.jpg,Watches
46006.jpg,Saree
52490.jpg,Innerwear
48169.jpg,Bags
48739.jpg,Jewellery
14848.jpg,Wallets
5196.jpg,Topwear
12888.jpg,Shoes
22635.jpg,Sandal
56454.jpg,Lips
46660.jpg,Fragrance
14847.jpg,Wallets
52651.jpg,Bags
56490.jpg,Fragrance
5079.jpg,Watches
12886.jpg,Shoes
16778.jpg,Watches
36250.jpg,Saree
43915.jpg,Bottomwear
28046.jpg,Innerwear
17463.jpg,Innerwear
23771.jpg,Eyewear
45769.jpg,Fragrance
55876.jpg,Lips
3812.jpg,Shoes
24561.jpg,Topwear
36349.jpg,Ties
2264.jpg,Bags
34795.jpg,Headwear
8137.jpg,Watches
7523.jpg,Bags
17963.jpg,Shoes
15014.jpg,Topwear
27525.jpg,Topwear
6589.jpg,Topwear
36771.jpg,Watches
59996.jpg,Topwear
38154.jpg,Topwear
8507.jpg,Socks
57324.jpg,Innerwear
26379.jpg,Bottomwear
53135.jpg,Shoes
49790.jpg,Headwear
20615.jpg,Bags
1621.jpg,Innerwear
32370.jpg,Watches
38680.jpg,Bags
32251.jpg,Bottomwear
4661.jpg,Shoes
38423.jpg,Wallets
46439.jpg,Watches
18545.jpg,Shoes
16457.jpg,Topwear
53895.jpg,Bags
54501.jpg,Bags
4420.jpg,Topwear
26680.jpg,Flip Flops
57012.jpg,Shoes
6405.jpg,Sandal
14736.jpg,Topwear
13261.jpg,Bottomwear
41029.jpg,Watches
32143.jpg,Innerwear
2369.jpg,Shoes
43777.jpg,Jewellery
25481.jpg,Flip Flops
52850.jpg,Jewellery
16298.jpg,Topwear
51019.jpg,Innerwear
9225.jpg,Sandal
55165.jpg,Fragrance
17765.jpg,Shoes
14846.jpg,Wallets
3640.jpg,Shoes
29887.jpg,Eyewear
2586.jpg,Topwear
44993.jpg,Watches
6404.jpg,Sandal
15480.jpg,Bottomwear
17709.jpg,Shoes
34540.jpg,Shoes
35165.jpg,Sandal
4840.jpg,Topwear
56260.jpg,Saree
55285.jpg,Bags
56267.jpg,Saree
14997.jpg,Topwear
43740.jpg,Flip Flops
8622.jpg,Eyewear
32845.jpg,Shoes
48752.jpg,Jewellery
39534.jpg,Innerwear
45883.jpg,Watches
49880.jpg,Watches
25165.jpg,Bags
24502.jpg,Topwear
43129.jpg,Bags
50758.jpg,Sandal
41222.jpg,Flip Flops
51812.jpg,Dress
23937.jpg,Shoes
58331.jpg,Flip Flops
36239.jpg,Topwear
57370.jpg,Innerwear
5348.jpg,Shoes
12636.jpg,Topwear
52661.jpg,Bags
23747.jpg,Eyewear
11154.jpg,Ties
26611.jpg,Shoes
17063.jpg,Belts
16518.jpg,Bottomwear
36379.jpg,Socks
4592.jpg,Bags
51163.jpg,Socks
46868.jpg,Socks
30270.jpg,Eyewear
31690.jpg,Shoes
36784.jpg,Watches
50960.jpg,Bottomwear
50958.jpg,Bottomwear
36713.jpg,Bottomwear
5217.jpg,Bags
16433.jpg,Topwear
8705.jpg,Eyewear
37571.jpg,Jewellery
45042.jpg,Watches
33409.jpg,Wallets
44152.jpg,Fragrance
15392.jpg,Flip Flops
47242.jpg,Shoes
59084.jpg,Innerwear
23785.jpg,Eyewear
15531.jpg,Socks
38483.jpg,Belts
30676.jpg,Eyewear
33700.jpg,Shoes
40769.jpg,Eyewear
17052.jpg,Flip Flops
56037.jpg,Lips
21197.jpg,Bags
20774.jpg,Shoes
18828.jpg,Wallets
44565.jpg,Sandal
2494.jpg,Flip Flops
11334.jpg,Bottomwear
41754.jpg,Topwear
16606.jpg,Topwear
1538.jpg,Topwear
29937.jpg,Watches
59216.jpg,Watches
8448.jpg,Topwear
17098.jpg,Headwear
19031.jpg,Shoes
17406.jpg,Socks
30753.jpg,Topwear
28552.jpg,Topwear
36778.jpg,Watches
59242.jpg,Watches
48629.jpg,Jewellery
42007.jpg,Shoes
45019.jpg,Watches
16749.jpg,Bags
39503.jpg,Bags
32529.jpg,Fragrance
8911.jpg,Shoes
27668.jpg,Bags
55042.jpg,Lips
48955.jpg,Flip Flops
36527.jpg,Shoes
35048.jpg,Topwear
26784.jpg,Fragrance
29021.jpg,Topwear
14814.jpg,Bags
38484.jpg,Belts
21969.jpg,Bags
18490.jpg,Shoes
45247.jpg,Watches
19412.jpg,Bags
48762.jpg,Jewellery
10222.jpg,Bags
47384.jpg,Wallets
36384.jpg,Socks
29873.jpg,Eyewear
24354.jpg,Topwear
9164.jpg,Bottomwear
17064.jpg,Belts
44626.jpg,Topwear
50394.jpg,Watches
47323.jpg,Wallets
5959.jpg,Topwear
4105.jpg,Shoes
53529.jpg,Innerwear
51369.jpg,Bottomwear
45879.jpg,Watches
17861.jpg,Bottomwear
2393.jpg,Shoes
9358.jpg,Socks
28012.jpg,Innerwear
26142.jpg,Bottomwear
50961.jpg,Bottomwear
25107.jpg,Belts
35555.jpg,Shoes
15254.jpg,Shoes
15902.jpg,Flip Flops
18024.jpg,Belts
22666.jpg,Bags
53542.jpg,Innerwear
37295.jpg,Watches
2801.jpg,Sandal
16296.jpg,Topwear
25459.jpg,Shoes
10631.jpg,Shoes
29267.jpg,Shoes
49872.jpg,Watches
49673.jpg,Eyewear
41879.jpg,Flip Flops
15769.jpg,Innerwear
8130.jpg,Belts
9338.jpg,Topwear
21357.jpg,Eyewear
20623.jpg,Innerwear
31994.jpg,Socks
14597.jpg,Bottomwear
13293.jpg,Jewellery
17454.jpg,Watches
2978.jpg,Topwear
19764.jpg,Watches
20487.jpg,Bags
45027.jpg,Watches
16189.jpg,Flip Flops
13052.jpg,Watches
55240.jpg,Fragrance
42257.jpg,Bottomwear
38476.jpg,Bags
21388.jpg,Shoes
40538.jpg,Watches
29017.jpg,Topwear
35335.jpg,Jewellery
38688.jpg,Bags
15539.jpg,Headwear
21704.jpg,Watches
38242.jpg,Flip Flops
36132.jpg,Shoes
36424.jpg,Shoes
42256.jpg,Bottomwear
33984.jpg,Bottomwear
39133.jpg,Bottomwear
52408.jpg,Saree
17097.jpg,Wallets
44304.jpg,Bottomwear
3266.jpg,Topwear
45677.jpg,Fragrance
52650.jpg,Bags
43188.jpg,Watches
43715.jpg,Jewellery
55813.jpg,Loungewear and Nightwear
51010.jpg,Innerwear
38229.jpg,Eyewear
17401.jpg,Socks
59674.jpg,Saree
34830.jpg,Shoes
14822.jpg,Belts
47644.jpg,Shoes
48707.jpg,Jewellery
57635.jpg,Nails
49049.jpg,Jewellery
6125.jpg,Topwear
39657.jpg,Shoes
51027.jpg,Innerwear
16151.jpg,Shoes
25199.jpg,Bags
27464.jpg,Innerwear
7373.jpg,Sandal
28169.jpg,Eyewear
24743.jpg,Shoes
1764.jpg,Bottomwear
46661.jpg,Fragrance
12483.jpg,Shoes
23176.jpg,Topwear
55043.jpg,Lips
48483.jpg,Dress
12479.jpg,Shoes
2664.jpg,Belts
43572.jpg,Bags
38681.jpg,Bags
35702.jpg,Flip Flops
42322.jpg,Saree
43723.jpg,Jewellery
32349.jpg,Watches
7436.jpg,Topwear
57573.jpg,Fragrance
30241.jpg,Flip Flops
19504.jpg,Socks
46454.jpg,Watches
56097.jpg,Lips
34363.jpg,Topwear
31196.jpg,Wallets
56205.jpg,Jewellery
29233.jpg,Shoes
12439.jpg,Headwear
38424.jpg,Bags
21966.jpg,Bags
11303.jpg,Bottomwear
46102.jpg,Shoes
53545.jpg,Innerwear
31611.jpg,Topwear
21703.jpg,Watches
17782.jpg,Ties
8957.jpg,Belts
59143.jpg,Shoes
13260.jpg,Bottomwear
39604.jpg,Shoes
43111.jpg,Fragrance
17408.jpg,Socks
49288.jpg,Socks
7185.jpg,Socks
15758.jpg,Innerwear
7319.jpg,Sandal
39753.jpg,Fragrance
47118.jpg,Flip Flops
59621.jpg,Saree
57747.jpg,Lips
4491.jpg,Lips
47535.jpg,Shoes
36977.jpg,Bags
11040.jpg,Topwear
44732.jpg,Flip Flops
34885.jpg,Bags
46337.jpg,Shoes
28767.jpg,Topwear
57976.jpg,Socks
43978.jpg,Fragrance
8932.jpg,Headwear
50743.jpg,Shoes
2915.jpg,Topwear
26545.jpg,Sandal
43914.jpg,Bottomwear
59181.jpg,Shoes
25394.jpg,Topwear
10183.jpg,Shoes
2351.jpg,Shoes
42275.jpg,Shoes
28025.jpg,Innerwear
51487.jpg,Bottomwear
17171.jpg,Topwear
19502.jpg,Bottomwear
8703.jpg,Eyewear
29936.jpg,Watches
22050.jpg,Topwear
39946.jpg,Shoes
38560.jpg,Headwear
22874.jpg,Shoes
28880.jpg,Innerwear
59686.jpg,Innerwear
4700.jpg,Watches
15760.jpg,Topwear
1620.jpg,Innerwear
22688.jpg,Shoes
2112.jpg,Bottomwear
29234.jpg,Shoes
30330.jpg,Topwear
43872.jpg,Shoes
33945.jpg,Topwear
28227.jpg,Fragrance
48135.jpg,Wallets
11272.jpg,Topwear
13054.jpg,Watches
13669.jpg,Bottomwear
36446.jpg,Shoes
40539.jpg,Watches
7493.jpg,Bottomwear
44236.jpg,Shoes
48799.jpg,Jewellery
5162.jpg,Topwear
49689.jpg,Ties
23975.jpg,Topwear
13257.jpg,Bottomwear
55392.jpg,Fragrance
26322.jpg,Bottomwear
51671.jpg,Eyewear
12255.jpg,Topwear
31350.jpg,Bottomwear
32520.jpg,Sandal
51017.jpg,Innerwear
12424.jpg,Shoes
55825.jpg,Loungewear and Nightwear
48195.jpg,Eyewear
22008.jpg,Bags
23778.jpg,Eyewear
33602.jpg,Wallets
56269.jpg,Loungewear and Nightwear
58990.jpg,Fragrance
17054.jpg,Flip Flops
59243.jpg,Watches
48535.jpg,Headwear
22462.jpg,Bottomwear
17178.jpg,Topwear
24337.jpg,Topwear
15768.jpg,Innerwear
13784.jpg,Bottomwear
2967.jpg,Shoes
19671.jpg,Topwear
21305.jpg,Eyewear
28363.jpg,Eyewear
36408.jpg,Socks
23096.jpg,Flip Flops
13779.jpg,Bottomwear
16033.jpg,Topwear
15059.jpg,Shoes
13258.jpg,Bottomwear
18446.jpg,Fragrance
55595.jpg,Topwear
44646.jpg,Bottomwear
53985.jpg,Bags
21538.jpg,Bags
44460.jpg,Shoes
51683.jpg,Eyewear
19676.jpg,Topwear
3241.jpg,Shoes
53520.jpg,Innerwear
26189.jpg,Fragrance
47517.jpg,Innerwear
46009.jpg,Saree
32467.jpg,Topwear
50883.jpg,Saree
7114.jpg,Bags
20729.jpg,Shoes
20421.jpg,Bags
16830.jpg,Topwear
3911.jpg,Bottomwear
25361.jpg,Innerwear
41565.jpg,Dress
22818.jpg,Shoes
46835.jpg,Bottomwear
11199.jpg,Watches
25106.jpg,Belts
33868.jpg,Watches
30042.jpg,Watches
24487.jpg,Watches
11049.jpg,Topwear
18047.jpg,Wallets
8014.jpg,Topwear
4847.jpg,Topwear
48764.jpg,Jewellery
53091.jpg,Jewellery
55196.jpg,Fragrance
33605.jpg,Wallets
33498.jpg,Bottomwear
57924.jpg,Bottomwear
46295.jpg,Fragrance
7182.jpg,Bottomwear
34249.jpg,Bottomwear
41728.jpg,Shoes
35237.jpg,Shoes
4701.jpg,Watches
16983.jpg,Flip Flops
31328.jpg,Shoes
32341.jpg,Watches
30086.jpg,Watches
8671.jpg,Eyewear
23796.jpg,Shoes
21889.jpg,Topwear
55162.jpg,Nails
25350.jpg,Innerwear
5966.jpg,Topwear
55814.jpg,Bottomwear
37232.jpg,Wallets
13907.jpg,Shoes
52452.jpg,Saree
40272.jpg,Topwear
56256.jpg,Bottomwear
1531.jpg,Topwear
14433.jpg,Shoes
59245.jpg,Watches
9738.jpg,Topwear
44131.jpg,Wallets
47348.jpg,Bags
7409.jpg,Topwear
32377.jpg,Watches
9112.jpg,Shoes
13558.jpg,Shoes
52603.jpg,Bags
59144.jpg,Shoes
41814.jpg,Innerwear
35138.jpg,Eyewear
45248.jpg,Watches
25466.jpg,Shoes
36779.jpg,Watches
20847.jpg,Bags
43897.jpg,Topwear
57340.jpg,Innerwear
29211.jpg,Socks
13632.jpg,Bottomwear
34199.jpg,Bottomwear
45212.jpg,Watches
55537.jpg,Fragrance
14932.jpg,Bottomwear
55020.jpg,Lips
43771.jpg,Jewellery
45319.jpg,Shoes
36510.jpg,Wallets
21599.jpg,Bottomwear
39535.jpg,Innerwear
44402.jpg,Shoes
7112.jpg,Bags
9045.jpg,Shoes
53096.jpg,Jewellery
59070.jpg,Innerwear
37656.jpg,Socks
55427.jpg,Lips
25734.jpg,Belts
12819.jpg,Shoes
40672.jpg,Topwear
20355.jpg,Topwear
37006.jpg,Bags
51011.jpg,Innerwear
42132.jpg,Shoes
11424.jpg,Topwear
23714.jpg,Eyewear
19823.jpg,Topwear
45087.jpg,Loungewear and Nightwear
45028.jpg,Watches
15757.jpg,Innerwear
42892.jpg,Bags
4681.jpg,Fragrance
49875.jpg,Watches
4672.jpg,Bags
56963.jpg,Shoes
32340.jpg,Watches
11332.jpg,Bottomwear
57325.jpg,Innerwear
9535.jpg,Topwear
44107.jpg,Fragrance
30249.jpg,Flip Flops
14815.jpg,Bags
20073.jpg,Fragrance
36941.jpg,Watches
27373.jpg,Topwear
44219.jpg,Topwear
16784.jpg,Watches
48338.jpg,Jewellery
22816.jpg,Shoes
51647.jpg,Watches
41276.jpg,Wallets
2710.jpg,Topwear
6451.jpg,Flip Flops
3292.jpg,Topwear
53433.jpg,Topwear
28070.jpg,Innerwear
48954.jpg,Jewellery
9206.jpg,Shoes
42867.jpg,Bags
23259.jpg,Watches
17944.jpg,Topwear
26404.jpg,Topwear
28015.jpg,Innerwear
6863.jpg,Bottomwear
14028.jpg,Bottomwear
30682.jpg,Eyewear
22034.jpg,Topwear
6655.jpg,Flip Flops
37407.jpg,Bags
56203.jpg,Jewellery
51614.jpg,Bottomwear
28289.jpg,Eyewear
6979.jpg,Topwear
23320.jpg,Topwear
50509.jpg,Innerwear
27490.jpg,Innerwear
24166.jpg,Topwear
17120.jpg,Bags
38133.jpg,Bags
36511.jpg,Wallets
28084.jpg,Innerwear
28555.jpg,Topwear
26983.jpg,Bottomwear
27374.jpg,Topwear
5165.jpg,Topwear
48398.jpg,Bottomwear
23749.jpg,Eyewear
54885.jpg,Jewellery
21358.jpg,Eyewear
49371.jpg,Shoes
56999.jpg,Shoes
58104.jpg,Jewellery
30671.jpg,Eyewear
29962.jpg,Eyewear
37520.jpg,Bottomwear
52657.jpg,Bags
42062.jpg,Fragrance
19362.jpg,Sandal
49817.jpg,Shoes
46129.jpg,Jewellery
52529.jpg,Bottomwear
6359.jpg,Shoes
48443.jpg,Topwear
46894.jpg,Bottomwear
10214.jpg,Bags
36221.jpg,Shoes
36892.jpg,Belts
17632.jpg,Bags
48731.jpg,Jewellery
26315.jpg,Bottomwear
48964.jpg,Jewellery
43881.jpg,Shoes
27037.jpg,Bags
15957.jpg,Ties
48399.jpg,Bottomwear
49811.jpg,Flip Flops
37866.jpg,Wallets
28085.jpg,Innerwear
44957.jpg,Fragrance
33431.jpg,Bags
36135.jpg,Shoes
34877.jpg,Bags
8810.jpg,Topwear
22661.jpg,Bags
23400.jpg,Bottomwear
26186.jpg,Fragrance
58964.jpg,Fragrance
24442.jpg,Topwear
47227.jpg,Shoes
3910.jpg,Bottomwear
39559.jpg,Wallets
51612.jpg,Bottomwear
30539.jpg,Socks
46893.jpg,Bottomwear
16947.jpg,Eyewear
55848.jpg,Lips
28272.jpg,Fragrance
18954.jpg,Socks
21702.jpg,Watches
11640.jpg,Watches
9020.jpg,Sandal
20488.jpg,Bags
56857.jpg,Flip Flops
53839.jpg,Topwear
23266.jpg,Watches
10283.jpg,Sandal
4593.jpg,Bags
31023.jpg,Topwear
12741.jpg,Bags
3215.jpg,Shoes
7043.jpg,Shoes
35246.jpg,Socks
28399.jpg,Eyewear
55884.jpg,Fragrance
30442.jpg,Bottomwear
27802.jpg,Belts
45270.jpg,Watches
59221.jpg,Watches
50554.jpg,Topwear
35080.jpg,Ties
30823.jpg,Bottomwear
44933.jpg,Flip Flops
28503.jpg,Bottomwear
11934.jpg,Sandal
57097.jpg,Bottomwear
8826.jpg,Topwear
49799.jpg,Headwear
54332.jpg,Innerwear
21727.jpg,Shoes
55488.jpg,Lips
48962.jpg,Jewellery
44555.jpg,Sandal
52634.jpg,Bags
25756.jpg,Belts
18818.jpg,Wallets
30191.jpg,Bags
28071.jpg,Innerwear
10445.jpg,Bottomwear
56251.jpg,Loungewear and Nightwear
29158.jpg,Topwear
59593.jpg,Saree
22175.jpg,Shoes
49289.jpg,Socks
33860.jpg,Shoes
48888.jpg,Jewellery
42893.jpg,Wallets
59628.jpg,Saree
16985.jpg,Flip Flops
23906.jpg,Shoes
5220.jpg,Bags
13900.jpg,Shoes
49084.jpg,Nails
47111.jpg,Bottomwear
9019.jpg,Sandal
56850.jpg,Bottomwear
43694.jpg,Bags
17204.jpg,Eyewear
35056.jpg,Shoes
20151.jpg,Topwear
42380.jpg,Topwear
19505.jpg,Belts
33859.jpg,Shoes
43634.jpg,Topwear
27693.jpg,Bags
27498.jpg,Bags
31164.jpg,Bottomwear
39752.jpg,Fragrance
14841.jpg,Wallets
23257.jpg,Watches
55366.jpg,Nails
59626.jpg,Saree
6189.jpg,Topwear
35554.jpg,Shoes
11423.jpg,Topwear
51613.jpg,Bottomwear
16119.jpg,Flip Flops
44494.jpg,Shoes
44198.jpg,Flip Flops
25358.jpg,Innerwear
7773.jpg,Shoes
35698.jpg,Shoes
48991.jpg,Jewellery
13533.jpg,Shoes
49687.jpg,Ties
39666.jpg,Shoes
55222.jpg,Lips
52659.jpg,Bags
32869.jpg,Bags
40047.jpg,Topwear
29755.jpg,Watches
58309.jpg,Socks
54506.jpg,Bags
40457.jpg,Shoes
56064.jpg,Lips
21507.jpg,Bags
37233.jpg,Wallets
36377.jpg,Socks
55045.jpg,Lips
3920.jpg,Bottomwear
48844.jpg,Jewellery
6541.jpg,Bags
28932.jpg,Topwear
48738.jpg,Jewellery
59275.jpg,Watches
17718.jpg,Watches
51994.jpg,Bottomwear
43912.jpg,Bottomwear
26543.jpg,Shoes
40760.jpg,Bags
52971.jpg,Saree
43377.jpg,Sandal
8501.jpg,Topwear
30754.jpg,Topwear
50599.jpg,Innerwear
43493.jpg,Topwear
17762.jpg,Shoes
15512.jpg,Shoes
52400.jpg,Loungewear and Nightwear
28423.jpg,Eyewear
34878.jpg,Bags
49672.jpg,Eyewear
43221.jpg,Shoes
50733.jpg,Sandal
39504.jpg,Bags
57384.jpg,Innerwear
42006.jpg,Wallets
27602.jpg,Bottomwear
59229.jpg,Watches
52454.jpg,Topwear
28751.jpg,Topwear
25162.jpg,Bags
57923.jpg,Bottomwear
51951.jpg,Bags
56937.jpg,Shoes
33633.jpg,Bags
33203.jpg,Topwear
36348.jpg,Ties
34958.jpg,Saree
44959.jpg,Fragrance
28441.jpg,Watches
43779.jpg,Jewellery
21500.jpg,Bags
44958.jpg,Fragrance
28158.jpg,Eyewear
33725.jpg,Belts
8951.jpg,Bottomwear
53574.jpg,Watches
21956.jpg,Bags
41043.jpg,Watches
22922.jpg,Watches
8883.jpg,Bottomwear
52371.jpg,Saree
56000.jpg,Lips
23893.jpg,Shoes
36441.jpg,Shoes
54125.jpg,Shoes
31885.jpg,Loungewear and Nightwear
4623.jpg,Topwear
5341.jpg,Shoes
48953.jpg,Jewellery
40424.jpg,Topwear
35162.jpg,Sandal
51360.jpg,Bottomwear
2662.jpg,Flip Flops
45271.jpg,Watches
28216.jpg,Fragrance
14570.jpg,Shoes
49534.jpg,Wallets
5324.jpg,Shoes
18168.jpg,Topwear
32581.jpg,Topwear
39635.jpg,Shoes
55473.jpg,Lips
50757.jpg,Sandal
48479.jpg,Topwear
28659.jpg,Shoes
32118.jpg,Innerwear
17869.jpg,Innerwear
24708.jpg,Topwear
38543.jpg,Shoes
30486.jpg,Topwear
16201.jpg,Topwear
28083.jpg,Innerwear
59085.jpg,Innerwear
1542.jpg,Shoes
43521.jpg,Bottomwear
20081.jpg,Innerwear
18217.jpg,Socks
22820.jpg,Shoes
25994.jpg,Fragrance
29737.jpg,Bags
14879.jpg,Bags
28228.jpg,Fragrance
41877.jpg,Flip Flops
13635.jpg,Topwear
47643.jpg,Shoes
30284.jpg,Eyewear
50552.jpg,Topwear
7780.jpg,Bags
11495.jpg,Shoes
13573.jpg,Topwear
46749.jpg,Bottomwear
23269.jpg,Watches
55879.jpg,Nails
53581.jpg,Watches
11611.jpg,Topwear
35109.jpg,Wallets
47119.jpg,Flip Flops
53715.jpg,Bags
52455.jpg,Dress
45045.jpg,Watches
38048.jpg,Watches
35905.jpg,Wallets
43382.jpg,Flip Flops
45992.jpg,Saree
12607.jpg,Topwear
42861.jpg,Bags
21198.jpg,Bags
6713.jpg,Topwear
55247.jpg,Wallets
27267.jpg,Bottomwear
50590.jpg,Innerwear
52499.jpg,Topwear
15795.jpg,Innerwear
33464.jpg,Belts
37172.jpg,Bottomwear
23850.jpg,Flip Flops
2976.jpg,Topwear
22842.jpg,Shoes
50735.jpg,Sandal
35696.jpg,Shoes
17436.jpg,Watches
54154.jpg,Jewellery
24624.jpg,Bags
35562.jpg,Shoes
54304.jpg,Innerwear
51278.jpg,Eyewear
52431.jpg,Topwear
8702.jpg,Eyewear
57913.jpg,Socks
36257.jpg,Saree
47370.jpg,Wallets
52982.jpg,Saree
3248.jpg,Shoes
41759.jpg,Bags
29752.jpg,Watches
36228.jpg,Shoes
15794.jpg,Innerwear
57785.jpg,Wallets
59680.jpg,Innerwear
33179.jpg,Topwear
55426.jpg,Fragrance
47128.jpg,Bags
45372.jpg,Shoes
12983.jpg,Flip Flops
47127.jpg,Bags
39938.jpg,Bags
28414.jpg,Eyewear
39227.jpg,Saree
37204.jpg,Loungewear and Nightwear
42260.jpg,Bottomwear
59471.jpg,Jewellery
14021.jpg,Bottomwear
16691.jpg,Topwear
27667.jpg,Bags
46924.jpg,Fragrance
28242.jpg,Fragrance
11304.jpg,Bottomwear
32371.jpg,Watches
28219.jpg,Fragrance
39954.jpg,Bottomwear
47371.jpg,Wallets
31876.jpg,Saree
22402.jpg,Topwear
15960.jpg,Ties
30308.jpg,Topwear
56498.jpg,Fragrance
2578.jpg,Topwear
6314.jpg,Topwear
55016.jpg,Ties
16979.jpg,Flip Flops
32723.jpg,Bags
52632.jpg,Bags
44106.jpg,Bottomwear
18449.jpg,Fragrance
38046.jpg,Watches
45043.jpg,Watches
59360.jpg,Topwear
33634.jpg,Bags
44199.jpg,Shoes
37516.jpg,Bottomwear
17400.jpg,Socks
18470.jpg,Fragrance
18014.jpg,Belts
45080.jpg,Innerwear
22949.jpg,Watches
25164.jpg,Bags
58166.jpg,Wallets
16121.jpg,Belts
56497.jpg,Nails
30677.jpg,Eyewear
44995.jpg,Watches
5370.jpg,Shoes
14343.jpg,Shoes
53371.jpg,Bags
2699.jpg,Topwear
48533.jpg,Bags
48963.jpg,Jewellery
15767.jpg,Topwear
40933.jpg,Bottomwear
56038.jpg,Lips
47383.jpg,Bags
43384.jpg,Wallets
43252.jpg,Topwear
51732.jpg,Eyewear
15077.jpg,Topwear
31704.jpg,Jewellery
37292.jpg,Watches
20599.jpg,Bags
55443.jpg,Lips
30798.jpg,Topwear
46633.jpg,Fragrance
32315.jpg,Watches
24398.jpg,Topwear
52462.jpg,Saree
45789.jpg,Shoes
43378.jpg,Sandal
57915.jpg,Bags
59226.jpg,Watches
41396.jpg,Topwear
51877.jpg,Wallets
18447.jpg,Fragrance
19875.jpg,Sandal
33326.jpg,Topwear
46650.jpg,Fragrance
45736.jpg,Topwear
12058.jpg,Topwear
17778.jpg,Belts
32722.jpg,Bags
59558.jpg,Jewellery
17129.jpg,Bags
47978.jpg,Watches
44190.jpg,Flip Flops
31702.jpg,Jewellery
45685.jpg,Fragrance
48156.jpg,Bags
48219.jpg,Eyewear
25190.jpg,Bags
21705.jpg,Watches
38959.jpg,Topwear
16946.jpg,Eyewear
50563.jpg,Innerwear
46632.jpg,Fragrance
45640.jpg,Innerwear
6751.jpg,Shoes
17785.jpg,Socks
41302.jpg,Fragrance
16783.jpg,Watches
37235.jpg,Wallets
56065.jpg,Lips
39336.jpg,Bottomwear
23604.jpg,Fragrance
44163.jpg,Fragrance
50744.jpg,Shoes
15470.jpg,Topwear
54393.jpg,Bags
10505.jpg,Topwear
21935.jpg,Bags
36370.jpg,Ties
17324.jpg,Eyewear
24719.jpg,Shoes
7249.jpg,Shoes
48737.jpg,Jewellery
51685.jpg,Eyewear
6427.jpg,Shoes
5221.jpg,Bags
3578.jpg,Sandal
36378.jpg,Socks
56436.jpg,Lips
55215.jpg,Lips
18686.jpg,Innerwear
44564.jpg,Sandal
58160.jpg,Bags
15046.jpg,Bags
32652.jpg,Topwear
20935.jpg,Bags
14612.jpg,Socks
36712.jpg,Fragrance
25843.jpg,Topwear
26642.jpg,Shoes
23692.jpg,Wallets
51152.jpg,Socks
43479.jpg,Shoes
52007.jpg,Loungewear and Nightwear
43656.jpg,Bottomwear
15904.jpg,Innerwear
43633.jpg,Topwear
44880.jpg,Topwear
15766.jpg,Topwear
58955.jpg,Fragrance
38210.jpg,Eyewear
57055.jpg,Topwear
6546.jpg,Bags
56964.jpg,Shoes
55823.jpg,Loungewear and Nightwear
33145.jpg,Bottomwear
4706.jpg,Bags
38153.jpg,Topwear
27913.jpg,Bottomwear
8819.jpg,Topwear
11351.jpg,Bottomwear
59227.jpg,Watches
16521.jpg,Bottomwear
37205.jpg,Bottomwear
9556.jpg,Topwear
30089.jpg,Watches
49047.jpg,Jewellery
8884.jpg,Bottomwear
38844.jpg,Topwear
14614.jpg,Socks
40304.jpg,Flip Flops
21539.jpg,Bags
48965.jpg,Flip Flops
2231.jpg,Shoes
47521.jpg,Innerwear
59071.jpg,Innerwear
44734.jpg,Shoes
32236.jpg,Topwear
32589.jpg,Bottomwear
58195.jpg,Fragrance
44196.jpg,Shoes
11830.jpg,Shoes
8758.jpg,Bottomwear
30765.jpg,Topwear
36925.jpg,Bags
57725.jpg,Fragrance
4707.jpg,Fragrance
35538.jpg,Shoes
53379.jpg,Sandal
45223.jpg,Watches
9938.jpg,Topwear
56091.jpg,Lips
51475.jpg,Bottomwear
46030.jpg,Jewellery
36853.jpg,Topwear
39485.jpg,Fragrance
33892.jpg,Watches
46658.jpg,Fragrance
59188.jpg,Shoes
12437.jpg,Headwear
15393.jpg,Flip Flops
8904.jpg,Bottomwear
34931.jpg,Dress
49954.jpg,Bottomwear
24595.jpg,Topwear
58010.jpg,Topwear
51043.jpg,Innerwear
39941.jpg,Shoes
27401.jpg,Innerwear
27741.jpg,Bags
5014.jpg,Bottomwear
24775.jpg,Shoes
7772.jpg,Shoes
58502.jpg,Saree
17512.jpg,Topwear
42064.jpg,Bags
54165.jpg,Jewellery
43354.jpg,Shoes
38447.jpg,Bags
52128.jpg,Fragrance
33328.jpg,Topwear
51018.jpg,Innerwear
36914.jpg,Wallets
2877.jpg,Shoes
43667.jpg,Dress
42804.jpg,Topwear
33535.jpg,Shoes
13560.jpg,Sandal
52438.jpg,Saree
29132.jpg,Eyewear
52893.jpg,Saree
2367.jpg,Shoes
9509.jpg,Bottomwear
58952.jpg,Fragrance
36785.jpg,Watches
50393.jpg,Watches
53946.jpg,Bags
46694.jpg,Fragrance
8905.jpg,Bottomwear
24365.jpg,Topwear
17118.jpg,Bags
45075.jpg,Innerwear
15670.jpg,Bottomwear
43060.jpg,Topwear
46294.jpg,Fragrance
23776.jpg,Eyewear
30939.jpg,Topwear
15958.jpg,Ties
55357.jpg,Nails
47617.jpg,Shoes
44733.jpg,Shoes
57779.jpg,Fragrance
4952.jpg,Bottomwear
10489.jpg,Bottomwear
44563.jpg,Sandal
48556.jpg,Belts
57713.jpg,Lips
24472.jpg,Flip Flops
32324.jpg,Watches
5273.jpg,Flip Flops
12609.jpg,Topwear
43979.jpg,Fragrance
53054.jpg,Saree
50734.jpg,Sandal
22245.jpg,Shoes
43383.jpg,Flip Flops
38013.jpg,Watches
51351.jpg,Bottomwear
29907.jpg,Watches
2947.jpg,Topwear
34473.jpg,Topwear
26180.jpg,Shoes
45282.jpg,Wallets
27604.jpg,Bottomwear
39551.jpg,Fragrance
56464.jpg,Nails
12003.jpg,Topwear
6756.jpg,Shoes
11486.jpg,Watches
38446.jpg,Bags
50565.jpg,Innerwear
52635.jpg,Bags
25992.jpg,Fragrance
49229.jpg,Socks
9017.jpg,Belts
16637.jpg,Topwear
40466.jpg,Shoes
18755.jpg,Topwear
38470.jpg,Bags
23544.jpg,Fragrance
59244.jpg,Watches
20841.jpg,Bags
51045.jpg,Topwear
15865.jpg,Sandal
5628.jpg,Flip Flops
58330.jpg,Flip Flops
57572.jpg,Fragrance
52496.jpg,Saree
7115.jpg,Belts
10093.jpg,Shoes
14952.jpg,Topwear
30474.jpg,Wallets
47619.jpg,Shoes
49953.jpg,Bottomwear
19762.jpg,Watches
55472.jpg,Fragrance
52520.jpg,Bottomwear
52382.jpg,Saree
27453.jpg,Innerwear
7113.jpg,Bags
25369.jpg,Topwear
17771.jpg,Belts
29906.jpg,Watches
41074.jpg,Sandal
20419.jpg,Bags
21359.jpg,Eyewear
28886.jpg,Innerwear
19847.jpg,Topwear
40756.jpg,Shoes
36065.jpg,Bags
46055.jpg,Jewellery
5995.jpg,Topwear
2691.jpg,Bottomwear
21677.jpg,Watches
47511.jpg,Innerwear
42272.jpg,Shoes
28449.jpg,Bags
45017.jpg,Watches
20364.jpg,Topwear
32458.jpg,Topwear
35537.jpg,Shoes
43835.jpg,Jewellery
15934.jpg,Belts
45648.jpg,Innerwear
50994.jpg,Innerwear
2115.jpg,Bottomwear
55225.jpg,Lips
51214.jpg,Flip Flops
58167.jpg,Bags
55028.jpg,Lips
8108.jpg,Watches
17893.jpg,Topwear
52430.jpg,Saree
39867.jpg,Shoes
18759.jpg,Topwear
30733.jpg,Bottomwear
15683.jpg,Bottomwear
55276.jpg,Lips
59873.jpg,Bottomwear
14870.jpg,Wallets
59083.jpg,Innerwear
17581.jpg,Socks
37266.jpg,Fragrance
28412.jpg,Eyewear
40531.jpg,Watches
51960.jpg,Bags
41592.jpg,Topwear
45871.jpg,Watches
15061.jpg,Shoes
50241.jpg,Bags
46008.jpg,Saree
24183.jpg,Shoes
16746.jpg,Bags
54681.jpg,Topwear
17099.jpg,Wallets
45386.jpg,Shoes
8413.jpg,Topwear
27008.jpg,Bottomwear
24721.jpg,Shoes
30488.jpg,Innerwear
50199.jpg,Eyewear
34994.jpg,Saree
52693.jpg,Watches
55361.jpg,Nails
22066.jpg,Topwear
43119.jpg,Bags
50903.jpg,Saree
17455.jpg,Watches
56605.jpg,Lips
53376.jpg,Bags
34331.jpg,Topwear
35334.jpg,Jewellery
49244.jpg,Headwear
36924.jpg,Bags
10671.jpg,Fragrance
3647.jpg,Shoes
27054.jpg,Bags
33268.jpg,Bottomwear
9443.jpg,Bags
36782.jpg,Watches
40563.jpg,Watches
44689.jpg,Topwear
55018.jpg,Lips
2724.jpg,Topwear
29103.jpg,Bags
58133.jpg,Jewellery
14840.jpg,Wallets
19134.jpg,Sandal
28077.jpg,Innerwear
52860.jpg,Shoes
57575.jpg,Lips
55486.jpg,Ties
25647.jpg,Watches
52869.jpg,Jewellery
25163.jpg,Bags
37692.jpg,Bags
16741.jpg,Bags
28889.jpg,Innerwear
27408.jpg,Bottomwear
33661.jpg,Flip Flops
53747.jpg,Bottomwear
29099.jpg,Shoes
11686.jpg,Topwear
27692.jpg,Bags
15361.jpg,Sandal
30678.jpg,Eyewear
43658.jpg,Topwear
40155.jpg,Bottomwear
44162.jpg,Fragrance
47340.jpg,Bags
38049.jpg,Watches
15057.jpg,Shoes
43173.jpg,Watches
9336.jpg,Topwear
49886.jpg,Watches
21487.jpg,Bags
48470.jpg,Topwear
43263.jpg,Topwear
48559.jpg,Flip Flops
28280.jpg,Eyewear
9551.jpg,Topwear
47322.jpg,Bags
39256.jpg,Shoes
8760.jpg,Bottomwear
59880.jpg,Bottomwear
37744.jpg,Topwear
59273.jpg,Watches
36520.jpg,Bags
32526.jpg,Fragrance
52804.jpg,Wallets
10247.jpg,Bags
16982.jpg,Flip Flops
26982.jpg,Bottomwear
40611.jpg,Topwear
17700.jpg,Shoes
54162.jpg,Jewellery
14885.jpg,Bags
16511.jpg,Bottomwear
44905.jpg,Bottomwear
37090.jpg,Bags
48551.jpg,Belts
32314.jpg,Watches
52256.jpg,Innerwear
52453.jpg,Saree
46621.jpg,Shoes
36119.jpg,Wallets
2349.jpg,Topwear
22940.jpg,Watches
20193.jpg,Topwear
11153.jpg,Ties
10636.jpg,Shoes
42407.jpg,Innerwear
46498.jpg,Watches
56667.jpg,Watches
2181.jpg,Topwear
32516.jpg,Shoes
49025.jpg,Jewellery
37894.jpg,Bottomwear
22970.jpg,Bags
40507.jpg,Watches
25457.jpg,Shoes
17315.jpg,Eyewear
2144.jpg,Watches
40629.jpg,Topwear
12982.jpg,Flip Flops
17720.jpg,Socks
59594.jpg,Saree
36620.jpg,Shoes
52949.jpg,Saree
29258.jpg,Shoes
39215.jpg,Topwear
51500.jpg,Bottomwear
26341.jpg,Watches
30930.jpg,Topwear
28245.jpg,Fragrance
9018.jpg,Sandal
44238.jpg,Shoes
36519.jpg,Belts
48330.jpg,Bags
29077.jpg,Belts
10360.jpg,Dress
24954.jpg,Topwear
37981.jpg,Topwear
47946.jpg,Bags
8246.jpg,Belts
47349.jpg,Bags
6898.jpg,Topwear
35332.jpg,Jewellery
13063.jpg,Watches
30043.jpg,Watches
23039.jpg,Bottomwear
36940.jpg,Fragrance
48420.jpg,Topwear
24871.jpg,Socks
45885.jpg,Watches
33339.jpg,Shoes
23930.jpg,Shoes
43520.jpg,Bottomwear
6696.jpg,Jewellery
29502.jpg,Watches
21951.jpg,Bags
32322.jpg,Watches
21059.jpg,Shoes
56952.jpg,Shoes
1790.jpg,Topwear
45215.jpg,Watches
44735.jpg,Shoes
25903.jpg,Bottomwear
16174.jpg,Flip Flops
55410.jpg,Lips
42522.jpg,Topwear
23939.jpg,Shoes
41213.jpg,Flip Flops
20045.jpg,Wallets
41026.jpg,Headwear
15750.jpg,Topwear
59909.jpg,Fragrance
28049.jpg,Innerwear
55475.jpg,Lips
33742.jpg,Topwear
5384.jpg,Shoes
46796.jpg,Shoes
52401.jpg,Topwear
52658.jpg,Bags
38785.jpg,Shoes
7876.jpg,Shoes
27406.jpg,Bottomwear
41848.jpg,Bags
40761.jpg,Bags
10215.jpg,Bags
6948.jpg,Topwear
53830.jpg,Topwear
27497.jpg,Bags
41991.jpg,Topwear
42832.jpg,Bags
46381.jpg,Topwear
29505.jpg,Watches
4088.jpg,Topwear
56173.jpg,Lips
5226.jpg,Bags
37202.jpg,Bottomwear
30684.jpg,Eyewear
48936.jpg,Jewellery
6114.jpg,Flip Flops
57574.jpg,Lips
14599.jpg,Bottomwear
25191.jpg,Bags
20625.jpg,Wallets
55282.jpg,Fragrance
43776.jpg,Jewellery
45100.jpg,Innerwear
32187.jpg,Flip Flops
21933.jpg,Bags
42805.jpg,Topwear
9075.jpg,Bottomwear
24614.jpg,Bottomwear
25468.jpg,Shoes
52922.jpg,Saree
55420.jpg,Fragrance
30353.jpg,Topwear
29192.jpg,Bags
11616.jpg,Topwear
29997.jpg,Watches
35653.jpg,Shoes
16156.jpg,Shoes
17727.jpg,Socks
59688.jpg,Innerwear
9367.jpg,Socks
3676.jpg,Shoes
22068.jpg,Topwear
49680.jpg,Eyewear
2582.jpg,Innerwear
4818.jpg,Bottomwear
10240.jpg,Watches
8248.jpg,Innerwear
13110.jpg,Bottomwear
5272.jpg,Bags
5629.jpg,Flip Flops
25100.jpg,Belts
38961.jpg,Topwear
56463.jpg,Fragrance
18015.jpg,Belts
56465.jpg,Fragrance
36002.jpg,Topwear
4567.jpg,Flip Flops
50879.jpg,Saree
38687.jpg,Bags
57379.jpg,Innerwear
8817.jpg,Topwear
18471.jpg,Fragrance
9755.jpg,Topwear
4103.jpg,Sandal
39364.jpg,Watches
39363.jpg,Watches
25393.jpg,Topwear
29216.jpg,Shoes
9593.jpg,Topwear
48753.jpg,Jewellery
49874.jpg,Watches
28013.jpg,Innerwear
36521.jpg,Bags
41625.jpg,Bottomwear
46669.jpg,Fragrance
1758.jpg,Topwear
5992.jpg,Topwear
15956.jpg,Ties
48908.jpg,Jewellery
12835.jpg,Headwear
55044.jpg,Lips
28352.jpg,Eyewear
48085.jpg,Saree
17053.jpg,Flip Flops
45489.jpg,Bottomwear
38333.jpg,Topwear
3062.jpg,Topwear
38221.jpg,Eyewear
17293.jpg,Bags
52406.jpg,Saree
17090.jpg,Wallets
25356.jpg,Innerwear
59645.jpg,Saree
4686.jpg,Bags
17835.jpg,Shoes
43784.jpg,Jewellery
37463.jpg,Wallets
56379.jpg,Fragrance
59437.jpg,Shoes
35197.jpg,Bags
38566.jpg,Bottomwear
5315.jpg,Shoes
20044.jpg,Bags
32346.jpg,Watches
48160.jpg,Bags
45343.jpg,Shoes
22668.jpg,Bags
57476.jpg,Shoes
58931.jpg,Wallets
41278.jpg,Wallets
45240.jpg,Watches
23861.jpg,Sandal
31335.jpg,Bottomwear
33337.jpg,Shoes
30815.jpg,Bottomwear
33453.jpg,Bags
29134.jpg,Eyewear
31015.jpg,Topwear
57589.jpg,Lips
37062.jpg,Belts
16434.jpg,Topwear
44539.jpg,Sandal
32542.jpg,Fragrance
5346.jpg,Sandal
40564.jpg,Watches
51021.jpg,Innerwear
22274.jpg,Shoes
28288.jpg,Eyewear
20780.jpg,Shoes
44226.jpg,Topwear
37294.jpg,Watches
27009.jpg,Bottomwear
33983.jpg,Bottomwear
30640.jpg,Headwear
46499.jpg,Watches
3098.jpg,Topwear
15756.jpg,Topwear
40423.jpg,Topwear
19763.jpg,Watches
40768.jpg,Jewellery
44101.jpg,Fragrance
35191.jpg,Bags
13728.jpg,Topwear
27805.jpg,Belts
28811.jpg,Bottomwear
13275.jpg,Shoes
10241.jpg,Watches
24305.jpg,Loungewear and Nightwear
24848.jpg,Bottomwear
23605.jpg,Fragrance
5412.jpg,Fragrance
46667.jpg,Fragrance
55029.jpg,Lips
25332.jpg,Watches
7547.jpg,Bottomwear
18221.jpg,Socks
27400.jpg,Innerwear
27409.jpg,Bottomwear
18997.jpg,Bags
42541.jpg,Topwear
55198.jpg,Fragrance
19415.jpg,Bags
36371.jpg,Socks
8956.jpg,Belts
43067.jpg,Topwear
48907.jpg,Jewellery
51623.jpg,Watches
31130.jpg,Bags
49378.jpg,Shoes
40616.jpg,Topwear
29572.jpg,Shoes
40562.jpg,Watches
56233.jpg,Bottomwear
42895.jpg,Belts
50995.jpg,Innerwear
3582.jpg,Flip Flops
40303.jpg,Sandal
5762.jpg,Topwear
38950.jpg,Bottomwear
43370.jpg,Flip Flops
59219.jpg,Watches
49843.jpg,Bottomwear
21334.jpg,Eyewear
52894.jpg,Saree
4632.jpg,Shoes
14884.jpg,Bags
36770.jpg,Watches
50905.jpg,Saree
20848.jpg,Wallets
39762.jpg,Bottomwear
34824.jpg,Sandal
47532.jpg,Shoes
18961.jpg,Topwear
4856.jpg,Shoes
25732.jpg,Belts
50530.jpg,Innerwear
22156.jpg,Shoes
30081.jpg,Watches
10213.jpg,Bags
34565.jpg,Topwear
13055.jpg,Watches
4081.jpg,Topwear
10299.jpg,Flip Flops
27666.jpg,Bags
23588.jpg,Fragrance
35563.jpg,Shoes
5757.jpg,Topwear
58534.jpg,Eyewear
31705.jpg,Jewellery
21950.jpg,Bags
44887.jpg,Topwear
5924.jpg,Shoes
53543.jpg,Innerwear
39737.jpg,Sandal
17116.jpg,Wallets
12348.jpg,Topwear
50760.jpg,Sandal
45375.jpg,Shoes
16291.jpg,Topwear
17453.jpg,Watches
19503.jpg,Socks
47376.jpg,Bags
5101.jpg,Topwear
13047.jpg,Shoes
29762.jpg,Watches
32860.jpg,Bags
39365.jpg,Watches
32008.jpg,Socks
46657.jpg,Fragrance
55277.jpg,Lips
38041.jpg,Watches
17856.jpg,Innerwear
33709.jpg,Shoes
2340.jpg,Topwear
6946.jpg,Topwear
24730.jpg,Topwear
40757.jpg,Shoes
26346.jpg,Watches
